{
  "dataset": "cifar10",
  "strategy": "fedavg",
  "condition": "iid_equal",
  "seed": 123,
  "num_clients": 50,
  "num_rounds": 50,
  "local_epochs": 1,
  "test_accuracy": [
    13.82,
    23.21,
    29.57,
    31.83,
    35.58,
    38.6,
    41.09,
    42.62,
    44.16,
    45.14,
    46.01,
    46.93,
    47.78,
    48.55,
    48.85,
    49.44,
    49.93,
    50.74,
    50.8,
    51.84,
    52.39,
    52.78,
    52.99,
    53.61,
    54.22,
    54.3,
    54.82,
    54.86,
    55.51,
    55.73,
    56.59,
    56.67,
    57.06,
    57.25,
    57.89,
    58.36,
    58.64,
    59.25,
    59.22,
    59.79,
    59.76,
    60.21,
    60.47,
    60.74,
    61.09,
    61.81,
    61.43,
    61.82,
    62.52,
    62.89,
    62.72
  ],
  "test_loss": [
    2.3030933412119223,
    2.151925514681271,
    2.017504966677949,
    1.9418574491628824,
    1.8602318375255353,
    1.7867384726247086,
    1.7215668610490549,
    1.6662445510157382,
    1.623977786816728,
    1.580596205525505,
    1.5399568031390254,
    1.5061817485303544,
    1.4830421837754906,
    1.4665646320714738,
    1.446099448889589,
    1.4414526825895706,
    1.4150761186886138,
    1.4002929663124937,
    1.3945772777350185,
    1.3732631145574796,
    1.3592521184549544,
    1.3483729179674826,
    1.336229331577167,
    1.3270912427490893,
    1.3190905425114372,
    1.3001150717369665,
    1.2954584868571248,
    1.2835475118777242,
    1.2724595930629645,
    1.266941855700252,
    1.2415915510524957,
    1.2436807606928646,
    1.2294948095330795,
    1.2196244561253264,
    1.2078283345356535,
    1.1976664801375172,
    1.1949552960289171,
    1.175325204579594,
    1.1740323091848208,
    1.158373071362797,
    1.156204127465574,
    1.1506507046306476,
    1.1342283254995134,
    1.1269829829279987,
    1.1134367691823088,
    1.1076057743721497,
    1.1026777375620394,
    1.0939699750357923,
    1.0863889539584566,
    1.0751421059282442,
    1.0709170855272312
  ],
  "client_sizes": [
    1000,
    1000,
    1000,
    1000,
    1000,
    1000,
    1000,
    1000,
    1000,
    1000,
    1000,
    1000,
    1000,
    1000,
    1000,
    1000,
    1000,
    1000,
    1000,
    1000,
    1000,
    1000,
    1000,
    1000,
    1000,
    1000,
    1000,
    1000,
    1000,
    1000,
    1000,
    1000,
    1000,
    1000,
    1000,
    1000,
    1000,
    1000,
    1000,
    1000,
    1000,
    1000,
    1000,
    1000,
    1000,
    1000,
    1000,
    1000,
    1000,
    1000
  ],
  "total_time_seconds": 2920.8841032981873,
  "final_accuracy": 62.72,
  "final_loss": 1.0709170855272312,
  "best_accuracy": 62.89
}