{
  "dataset": "cifar10",
  "strategy": "fedavg",
  "condition": "iid_equal",
  "seed": 789,
  "num_clients": 50,
  "num_rounds": 50,
  "local_epochs": 1,
  "test_accuracy": [
    8.28,
    21.37,
    28.27,
    30.86,
    34.17,
    38.98,
    41.15,
    42.15,
    43.42,
    45.24,
    46.03,
    46.82,
    47.89,
    48.34,
    49.45,
    49.4,
    50.21,
    50.43,
    50.97,
    51.08,
    51.73,
    52.63,
    52.91,
    53.27,
    53.68,
    54.3,
    54.33,
    54.85,
    55.4,
    55.96,
    56.56,
    56.38,
    57.03,
    57.16,
    57.89,
    58.0,
    58.61,
    59.01,
    59.21,
    59.65,
    60.32,
    60.34,
    61.06,
    61.32,
    61.58,
    62.03,
    62.09,
    62.29,
    62.86,
    63.04,
    62.76
  ],
  "test_loss": [
    2.309495439925514,
    2.1888969462519636,
    2.0090379067503226,
    1.94853617703191,
    1.8588694981492746,
    1.7799081250120656,
    1.7102654574397274,
    1.6532167253402856,
    1.6070186996612306,
    1.576498887028557,
    1.5401383581252905,
    1.5202843072696235,
    1.5000866373506978,
    1.4838491579214224,
    1.4699294315740323,
    1.4418429635203303,
    1.42534510281901,
    1.4133812387149556,
    1.3999109677613353,
    1.3872672159450885,
    1.3804626832373987,
    1.3536213834445698,
    1.350267020277322,
    1.3320701417450707,
    1.3206588448807834,
    1.3099653056254401,
    1.3042231554421373,
    1.2963409534277626,
    1.2796682561167514,
    1.2663146495438231,
    1.2541513564868476,
    1.2553328144283722,
    1.236951246048315,
    1.2273769298681436,
    1.2141854336467415,
    1.2078482061148452,
    1.2000552903349027,
    1.1818087439948377,
    1.1860232642664315,
    1.1743595678204546,
    1.163799014906533,
    1.1569785157712504,
    1.1419318491658463,
    1.1363965929887545,
    1.1283905409014643,
    1.1187063619351616,
    1.1171131922414128,
    1.0981372038777264,
    1.0914057731247557,
    1.087413721572096,
    1.0941181093359147
  ],
  "client_sizes": [
    1000,
    1000,
    1000,
    1000,
    1000,
    1000,
    1000,
    1000,
    1000,
    1000,
    1000,
    1000,
    1000,
    1000,
    1000,
    1000,
    1000,
    1000,
    1000,
    1000,
    1000,
    1000,
    1000,
    1000,
    1000,
    1000,
    1000,
    1000,
    1000,
    1000,
    1000,
    1000,
    1000,
    1000,
    1000,
    1000,
    1000,
    1000,
    1000,
    1000,
    1000,
    1000,
    1000,
    1000,
    1000,
    1000,
    1000,
    1000,
    1000,
    1000
  ],
  "total_time_seconds": 2928.719305753708,
  "final_accuracy": 62.76,
  "final_loss": 1.0941181093359147,
  "best_accuracy": 63.04
}