{
  "dataset": "cifar10",
  "strategy": "fedavg",
  "condition": "iid_equal",
  "seed": 456,
  "num_clients": 50,
  "num_rounds": 50,
  "local_epochs": 1,
  "test_accuracy": [
    10.5,
    22.47,
    27.48,
    31.0,
    34.16,
    37.72,
    40.99,
    42.01,
    43.34,
    44.39,
    45.58,
    46.32,
    47.06,
    47.83,
    48.67,
    48.95,
    49.45,
    50.14,
    50.8,
    51.03,
    51.57,
    51.71,
    52.64,
    52.75,
    53.47,
    54.13,
    54.65,
    54.98,
    55.29,
    55.81,
    56.35,
    56.51,
    57.46,
    57.52,
    58.1,
    58.44,
    58.77,
    58.95,
    59.53,
    59.95,
    60.06,
    60.45,
    60.67,
    61.11,
    61.79,
    61.69,
    62.26,
    62.44,
    62.46,
    63.01,
    62.94
  ],
  "test_loss": [
    2.301283297828211,
    2.1580386051354696,
    2.00062219060648,
    1.926527280396166,
    1.84222295680366,
    1.7766853384316539,
    1.7071017994286535,
    1.659520347278339,
    1.621245476003653,
    1.578988801557035,
    1.5631885635205351,
    1.5237110083857284,
    1.502545063868879,
    1.4789854916520775,
    1.4617108731224133,
    1.4423391061088147,
    1.4348171534248815,
    1.4117811750680114,
    1.391884803010252,
    1.3816638587001033,
    1.364229786891145,
    1.351670923705299,
    1.342072092496549,
    1.3234286637732777,
    1.316317965999579,
    1.3022727855859093,
    1.2981552380723314,
    1.2840863671927407,
    1.2685759547419442,
    1.2724305397024551,
    1.2503973628385379,
    1.2513401971076623,
    1.2319015414950947,
    1.2194026203962942,
    1.2144533788053373,
    1.1998326744134433,
    1.1831729518719756,
    1.183821473449183,
    1.1801605963478454,
    1.1631903724548536,
    1.1544792718780688,
    1.1473010289021575,
    1.145185099813504,
    1.1309204391016365,
    1.1234749287081223,
    1.1202522864737832,
    1.1067498526253259,
    1.0957907284029758,
    1.0891180544996415,
    1.0846263358768182,
    1.0819416958303116
  ],
  "client_sizes": [
    1000,
    1000,
    1000,
    1000,
    1000,
    1000,
    1000,
    1000,
    1000,
    1000,
    1000,
    1000,
    1000,
    1000,
    1000,
    1000,
    1000,
    1000,
    1000,
    1000,
    1000,
    1000,
    1000,
    1000,
    1000,
    1000,
    1000,
    1000,
    1000,
    1000,
    1000,
    1000,
    1000,
    1000,
    1000,
    1000,
    1000,
    1000,
    1000,
    1000,
    1000,
    1000,
    1000,
    1000,
    1000,
    1000,
    1000,
    1000,
    1000,
    1000
  ],
  "total_time_seconds": 2928.540083885193,
  "final_accuracy": 62.94,
  "final_loss": 1.0819416958303116,
  "best_accuracy": 63.01
}