{
  "dataset": "cifar10",
  "strategy": "fedavg",
  "condition": "iid_equal",
  "seed": 1011,
  "num_clients": 50,
  "num_rounds": 50,
  "local_epochs": 1,
  "test_accuracy": [
    10.01,
    24.78,
    29.06,
    30.55,
    34.01,
    36.37,
    40.03,
    41.58,
    43.01,
    44.13,
    45.89,
    46.22,
    46.93,
    47.9,
    48.44,
    49.31,
    49.8,
    50.0,
    50.77,
    51.11,
    51.68,
    52.0,
    52.56,
    53.01,
    53.86,
    54.18,
    54.87,
    54.77,
    55.26,
    55.81,
    56.05,
    56.41,
    56.63,
    57.0,
    57.23,
    57.78,
    58.08,
    58.59,
    59.04,
    59.17,
    59.24,
    59.79,
    59.89,
    60.12,
    60.68,
    61.0,
    60.95,
    61.51,
    61.73,
    61.76,
    62.2
  ],
  "test_loss": [
    2.30319732370468,
    2.201166012035772,
    2.056153565930863,
    1.9611545983975687,
    1.88418696063776,
    1.8170158348906154,
    1.738368764472084,
    1.692658545871893,
    1.6468146410993874,
    1.6097645283507083,
    1.5758750103533077,
    1.5451869393309083,
    1.5208517427261645,
    1.4993277612966471,
    1.4787401657896682,
    1.46417487695956,
    1.4523547956356988,
    1.4276104171436055,
    1.410861841025063,
    1.3931065451222868,
    1.3910630606233882,
    1.3695795056157218,
    1.3607664824293826,
    1.3475801125882914,
    1.33074600780353,
    1.322232934232718,
    1.3130446813357906,
    1.3064393622044939,
    1.287620852549617,
    1.2757915890635774,
    1.2701719757467032,
    1.260984773072191,
    1.2444552327878178,
    1.2400354543052161,
    1.2374953783739109,
    1.2180269175825027,
    1.2190432836072513,
    1.2083329148947621,
    1.1950959220480994,
    1.1823477741247548,
    1.1826531005362733,
    1.1710148794582476,
    1.1634847472270076,
    1.1575146098487294,
    1.1423892131247841,
    1.1336737751199033,
    1.127132513271734,
    1.1229489658968137,
    1.1103017891938693,
    1.1041564183494152,
    1.0997751010492587
  ],
  "client_sizes": [
    1000,
    1000,
    1000,
    1000,
    1000,
    1000,
    1000,
    1000,
    1000,
    1000,
    1000,
    1000,
    1000,
    1000,
    1000,
    1000,
    1000,
    1000,
    1000,
    1000,
    1000,
    1000,
    1000,
    1000,
    1000,
    1000,
    1000,
    1000,
    1000,
    1000,
    1000,
    1000,
    1000,
    1000,
    1000,
    1000,
    1000,
    1000,
    1000,
    1000,
    1000,
    1000,
    1000,
    1000,
    1000,
    1000,
    1000,
    1000,
    1000,
    1000
  ],
  "total_time_seconds": 2916.6672909259796,
  "final_accuracy": 62.2,
  "final_loss": 1.0997751010492587,
  "best_accuracy": 62.2
}