{
  "dataset": "cifar10",
  "strategy": "fedavg",
  "condition": "iid_equal",
  "seed": 42,
  "num_clients": 50,
  "num_rounds": 50,
  "local_epochs": 1,
  "test_accuracy": [
    8.6,
    21.36,
    27.0,
    29.51,
    32.5,
    36.24,
    38.77,
    40.6,
    42.15,
    43.19,
    44.43,
    45.27,
    46.62,
    47.78,
    48.0,
    48.74,
    49.43,
    49.81,
    50.46,
    50.9,
    51.2,
    51.55,
    52.17,
    52.66,
    53.03,
    53.24,
    54.03,
    54.25,
    54.83,
    55.02,
    55.4,
    55.98,
    56.27,
    57.03,
    56.96,
    57.52,
    57.71,
    58.35,
    58.82,
    59.29,
    59.44,
    59.93,
    60.09,
    60.41,
    60.87,
    61.18,
    61.4,
    61.93,
    62.0,
    62.3,
    62.66
  ],
  "test_loss": [
    2.30501694191759,
    2.235927892569155,
    2.042349727770772,
    1.976426430403615,
    1.9071378060423148,
    1.8326371317854324,
    1.7693418915660237,
    1.700859168086189,
    1.6506636485505028,
    1.62737553988021,
    1.586881508842444,
    1.554788371625419,
    1.517798592488225,
    1.5008600158051562,
    1.473345158199152,
    1.4595815354642776,
    1.4504791322988444,
    1.4304621566217928,
    1.4136252715564763,
    1.396717443633765,
    1.3902152110212527,
    1.381213694334792,
    1.3667889286915715,
    1.3457146132715976,
    1.3491495920065493,
    1.332116108352003,
    1.3186976587810455,
    1.3087874222487306,
    1.300079837584267,
    1.2873335724440627,
    1.2752608550242341,
    1.2640086416238414,
    1.2605785312363134,
    1.2398795847313853,
    1.2423573262013567,
    1.2228760715490712,
    1.2172067925191155,
    1.2049261666715336,
    1.1989969653062547,
    1.18359883181965,
    1.1752071620557254,
    1.1637171550680654,
    1.1546291432822475,
    1.152442156125943,
    1.1425830518094877,
    1.1331632996138674,
    1.1253680495408396,
    1.115477071783413,
    1.109759211349792,
    1.1062287505442343,
    1.100189873966546
  ],
  "client_sizes": [
    1000,
    1000,
    1000,
    1000,
    1000,
    1000,
    1000,
    1000,
    1000,
    1000,
    1000,
    1000,
    1000,
    1000,
    1000,
    1000,
    1000,
    1000,
    1000,
    1000,
    1000,
    1000,
    1000,
    1000,
    1000,
    1000,
    1000,
    1000,
    1000,
    1000,
    1000,
    1000,
    1000,
    1000,
    1000,
    1000,
    1000,
    1000,
    1000,
    1000,
    1000,
    1000,
    1000,
    1000,
    1000,
    1000,
    1000,
    1000,
    1000,
    1000
  ],
  "total_time_seconds": 2913.541930913925,
  "final_accuracy": 62.66,
  "final_loss": 1.100189873966546,
  "best_accuracy": 62.66
}