{
  "dataset": "cifar10",
  "strategy": "fedmean",
  "condition": "iid_equal",
  "seed": 789,
  "num_clients": 50,
  "num_rounds": 50,
  "local_epochs": 1,
  "test_accuracy": [
    8.28,
    21.68,
    27.98,
    31.49,
    34.75,
    38.5,
    40.72,
    42.4,
    43.89,
    44.85,
    45.73,
    46.68,
    47.96,
    47.9,
    48.9,
    49.6,
    50.01,
    50.42,
    51.32,
    51.4,
    51.88,
    52.32,
    53.05,
    53.51,
    53.87,
    54.24,
    54.66,
    55.14,
    55.75,
    56.04,
    56.25,
    56.57,
    56.89,
    57.44,
    57.63,
    57.95,
    58.74,
    58.95,
    59.08,
    59.64,
    60.15,
    60.38,
    60.75,
    61.0,
    61.69,
    61.62,
    62.12,
    62.42,
    62.58,
    62.93,
    63.07
  ],
  "test_loss": [
    2.309495439925514,
    2.1920313088657757,
    2.0116528002217935,
    1.949538257937081,
    1.8635270957367869,
    1.7743781961191196,
    1.7114476167355863,
    1.6677275705642212,
    1.6181230857349431,
    1.5752943937009134,
    1.5460040089421379,
    1.5246752702390043,
    1.5026379465675963,
    1.482212971193722,
    1.4599312791428245,
    1.4438655604950537,
    1.4272671956985523,
    1.4195520767388634,
    1.401373634704005,
    1.3824397664481458,
    1.3693297040729095,
    1.3606098669405562,
    1.3495749722654447,
    1.3339137909130547,
    1.3171127170038681,
    1.3124411174664483,
    1.298702113354168,
    1.2960873114796112,
    1.2801017224217375,
    1.269759556736809,
    1.2610598882547202,
    1.2528689046637318,
    1.2393412666198926,
    1.232669560863568,
    1.2204512022554683,
    1.2126892062421806,
    1.205035914056979,
    1.1947846092735996,
    1.1900187711746166,
    1.1763499904745303,
    1.1630664250721185,
    1.154681905580405,
    1.1467036526804915,
    1.1414145642576126,
    1.1301047956219876,
    1.1247939901610913,
    1.1144328962880583,
    1.1079064615237446,
    1.1016275833209102,
    1.090782470406054,
    1.0846926023404058
  ],
  "client_sizes": [
    1000,
    1000,
    1000,
    1000,
    1000,
    1000,
    1000,
    1000,
    1000,
    1000,
    1000,
    1000,
    1000,
    1000,
    1000,
    1000,
    1000,
    1000,
    1000,
    1000,
    1000,
    1000,
    1000,
    1000,
    1000,
    1000,
    1000,
    1000,
    1000,
    1000,
    1000,
    1000,
    1000,
    1000,
    1000,
    1000,
    1000,
    1000,
    1000,
    1000,
    1000,
    1000,
    1000,
    1000,
    1000,
    1000,
    1000,
    1000,
    1000,
    1000
  ],
  "total_time_seconds": 2933.6962847709656,
  "final_accuracy": 63.07,
  "final_loss": 1.0846926023404058,
  "best_accuracy": 63.07
}