{
  "dataset": "cifar10",
  "strategy": "fedmedian",
  "condition": "iid_equal",
  "seed": 1011,
  "num_clients": 50,
  "num_rounds": 50,
  "local_epochs": 1,
  "test_accuracy": [
    10.01,
    24.36,
    28.04,
    29.77,
    31.3,
    36.03,
    38.82,
    40.21,
    41.84,
    42.87,
    44.42,
    44.69,
    46.16,
    46.71,
    47.57,
    47.45,
    48.56,
    49.25,
    49.63,
    50.09,
    50.68,
    50.95,
    51.61,
    51.83,
    52.58,
    53.07,
    53.28,
    53.9,
    54.12,
    54.56,
    54.86,
    54.91,
    55.28,
    55.77,
    56.03,
    56.42,
    56.67,
    56.97,
    57.71,
    57.74,
    57.9,
    58.1,
    58.68,
    58.87,
    59.18,
    59.22,
    59.5,
    60.15,
    60.3,
    60.61,
    60.88
  ],
  "test_loss": [
    2.30319732370468,
    2.207510686910952,
    2.0593025844318036,
    1.9805864979283878,
    1.9127844183589704,
    1.8421319041389246,
    1.7688103933303883,
    1.7216080910862444,
    1.666815076773159,
    1.6301696163396866,
    1.5993415932304942,
    1.568075586050844,
    1.5375494378062482,
    1.5209889034874522,
    1.5011464345950287,
    1.4934659027063046,
    1.466235373347712,
    1.4506948508393651,
    1.4366636657105467,
    1.4266314453210314,
    1.4156956756457735,
    1.3998561122546942,
    1.3834893379729396,
    1.3710495728654222,
    1.3637212731967718,
    1.3518420545437846,
    1.3465291840580706,
    1.3302427469351041,
    1.3201828753224576,
    1.3090642439290738,
    1.2952014165945327,
    1.2920775093590489,
    1.279839411139869,
    1.2701577479466082,
    1.2594827245980407,
    1.253117826799996,
    1.2489532079940406,
    1.2365474070603855,
    1.2269296164329822,
    1.2185378773524738,
    1.2095806840509653,
    1.2198185600792637,
    1.1877838363662696,
    1.1957192529504672,
    1.182636267270524,
    1.1689462903589487,
    1.161387558371876,
    1.1562035910237711,
    1.1421544608978418,
    1.1407020895625837,
    1.127857200444316
  ],
  "client_sizes": [
    1000,
    1000,
    1000,
    1000,
    1000,
    1000,
    1000,
    1000,
    1000,
    1000,
    1000,
    1000,
    1000,
    1000,
    1000,
    1000,
    1000,
    1000,
    1000,
    1000,
    1000,
    1000,
    1000,
    1000,
    1000,
    1000,
    1000,
    1000,
    1000,
    1000,
    1000,
    1000,
    1000,
    1000,
    1000,
    1000,
    1000,
    1000,
    1000,
    1000,
    1000,
    1000,
    1000,
    1000,
    1000,
    1000,
    1000,
    1000,
    1000,
    1000
  ],
  "total_time_seconds": 2956.1024413108826,
  "final_accuracy": 60.88,
  "final_loss": 1.127857200444316,
  "best_accuracy": 60.88
}