{
  "dataset": "cifar10",
  "strategy": "fedmean",
  "condition": "iid_equal",
  "seed": 42,
  "num_clients": 50,
  "num_rounds": 50,
  "local_epochs": 1,
  "test_accuracy": [
    8.6,
    21.9,
    27.54,
    29.05,
    32.71,
    36.51,
    39.15,
    41.13,
    42.05,
    43.24,
    43.97,
    45.2,
    46.53,
    47.41,
    48.24,
    48.05,
    49.05,
    49.89,
    50.56,
    50.62,
    51.16,
    51.56,
    51.9,
    52.29,
    52.95,
    53.46,
    53.77,
    53.9,
    54.7,
    55.51,
    55.62,
    56.17,
    56.32,
    56.83,
    57.12,
    57.46,
    57.96,
    58.1,
    58.71,
    58.8,
    59.24,
    59.86,
    59.9,
    60.52,
    60.58,
    61.25,
    61.33,
    61.32,
    62.03,
    62.12,
    62.62
  ],
  "test_loss": [
    2.30501694191759,
    2.244421706793788,
    2.0421699792051466,
    1.9792995963233728,
    1.9043628103055132,
    1.8437789990879094,
    1.7603485431914894,
    1.7034767908029282,
    1.660589101215521,
    1.6106340104398635,
    1.5806963904597127,
    1.5477938465417003,
    1.52562428663333,
    1.4966310853013596,
    1.478551027492974,
    1.4636235557044277,
    1.4474386445249612,
    1.4299422685330667,
    1.4121626775485638,
    1.406249692264837,
    1.391493404254365,
    1.3861770576562364,
    1.37279334350135,
    1.365372917903498,
    1.3365893329675205,
    1.3377029274980101,
    1.3246693020811477,
    1.3130158012667403,
    1.2945320530059619,
    1.2857652396058883,
    1.2845905400312747,
    1.2682352286939043,
    1.2597589026243923,
    1.24240438225932,
    1.232894077468604,
    1.228742632622155,
    1.2231170676005916,
    1.2104009494613917,
    1.198745850937816,
    1.190478243386022,
    1.1813718371878799,
    1.1723680263891008,
    1.1650668373123145,
    1.1562694610117343,
    1.154487952447166,
    1.1364391048114522,
    1.1315027408706495,
    1.1260134290201596,
    1.120394599894746,
    1.1128175824214095,
    1.1045361894388168
  ],
  "client_sizes": [
    1000,
    1000,
    1000,
    1000,
    1000,
    1000,
    1000,
    1000,
    1000,
    1000,
    1000,
    1000,
    1000,
    1000,
    1000,
    1000,
    1000,
    1000,
    1000,
    1000,
    1000,
    1000,
    1000,
    1000,
    1000,
    1000,
    1000,
    1000,
    1000,
    1000,
    1000,
    1000,
    1000,
    1000,
    1000,
    1000,
    1000,
    1000,
    1000,
    1000,
    1000,
    1000,
    1000,
    1000,
    1000,
    1000,
    1000,
    1000,
    1000,
    1000
  ],
  "total_time_seconds": 2927.426807165146,
  "final_accuracy": 62.62,
  "final_loss": 1.1045361894388168,
  "best_accuracy": 62.62
}