{
  "dataset": "cifar10",
  "strategy": "fedmedian",
  "condition": "iid_equal",
  "seed": 789,
  "num_clients": 50,
  "num_rounds": 50,
  "local_epochs": 1,
  "test_accuracy": [
    8.28,
    20.08,
    27.89,
    29.66,
    33.21,
    36.77,
    38.74,
    41.56,
    42.16,
    43.56,
    44.62,
    45.59,
    46.69,
    47.2,
    47.61,
    48.39,
    48.79,
    48.94,
    49.89,
    50.21,
    50.74,
    51.06,
    51.72,
    51.73,
    52.42,
    52.76,
    53.11,
    53.7,
    54.34,
    54.44,
    54.82,
    55.3,
    55.62,
    56.03,
    56.18,
    56.34,
    56.71,
    57.11,
    57.35,
    57.95,
    58.21,
    58.56,
    59.18,
    59.53,
    59.7,
    60.0,
    60.16,
    60.48,
    61.13,
    60.96,
    61.42
  ],
  "test_loss": [
    2.309495439925514,
    2.2027889547256616,
    2.026248155310512,
    1.9724226390210966,
    1.9040828326258796,
    1.819673283793294,
    1.7515154543776101,
    1.6838769680394914,
    1.6401568837820912,
    1.6087307888098037,
    1.5836949691224023,
    1.5688038698781412,
    1.5280524130446462,
    1.50944665140999,
    1.4968274664193297,
    1.4794465402444712,
    1.4659124304311344,
    1.4540428536387677,
    1.433697390099303,
    1.4179781218306324,
    1.402144817117685,
    1.3966325144417369,
    1.385433216254932,
    1.368647703918786,
    1.3560696164259134,
    1.348372315446409,
    1.3381044333354353,
    1.3245617629240116,
    1.3110939542325541,
    1.3069470572395447,
    1.2916976956132882,
    1.2834037875595945,
    1.276400706257683,
    1.2669493013296644,
    1.2587302957479947,
    1.242758578576219,
    1.2388896723143972,
    1.2281766038733168,
    1.2222092627717283,
    1.2155709495178808,
    1.2105787228852416,
    1.1926401040424555,
    1.1857858393519831,
    1.1861690673203513,
    1.1809525150841418,
    1.1594438396703701,
    1.1522790839116033,
    1.1498483251839782,
    1.133345964998483,
    1.1350283175230789,
    1.1271504420822802
  ],
  "client_sizes": [
    1000,
    1000,
    1000,
    1000,
    1000,
    1000,
    1000,
    1000,
    1000,
    1000,
    1000,
    1000,
    1000,
    1000,
    1000,
    1000,
    1000,
    1000,
    1000,
    1000,
    1000,
    1000,
    1000,
    1000,
    1000,
    1000,
    1000,
    1000,
    1000,
    1000,
    1000,
    1000,
    1000,
    1000,
    1000,
    1000,
    1000,
    1000,
    1000,
    1000,
    1000,
    1000,
    1000,
    1000,
    1000,
    1000,
    1000,
    1000,
    1000,
    1000
  ],
  "total_time_seconds": 2954.8205046653748,
  "final_accuracy": 61.42,
  "final_loss": 1.1271504420822802,
  "best_accuracy": 61.42
}