{
  "dataset": "cifar10",
  "strategy": "fedmean",
  "condition": "iid_equal",
  "seed": 1011,
  "num_clients": 50,
  "num_rounds": 50,
  "local_epochs": 1,
  "test_accuracy": [
    10.01,
    24.95,
    29.07,
    30.8,
    32.71,
    37.67,
    39.77,
    41.61,
    43.07,
    43.75,
    44.79,
    46.02,
    46.49,
    47.56,
    48.08,
    48.89,
    49.56,
    50.19,
    50.59,
    50.9,
    51.18,
    51.85,
    52.37,
    52.61,
    53.34,
    53.66,
    54.29,
    54.51,
    55.15,
    55.2,
    55.78,
    55.75,
    56.18,
    56.87,
    57.39,
    57.34,
    58.15,
    58.62,
    58.51,
    58.88,
    59.15,
    59.55,
    59.76,
    59.86,
    60.2,
    60.53,
    61.17,
    61.47,
    61.52,
    61.48,
    61.91
  ],
  "test_loss": [
    2.30319732370468,
    2.1963565829462897,
    2.047251067603358,
    1.9630856776770693,
    1.8871494044130221,
    1.8098446450675258,
    1.746058033297237,
    1.6968485909148145,
    1.6403099633634282,
    1.6221345956333149,
    1.5839888021207085,
    1.5563412238233767,
    1.529309536702336,
    1.5014743024167923,
    1.4839136768072938,
    1.4662528921620914,
    1.4444891164858882,
    1.4405332365736794,
    1.420473452574148,
    1.4044536618759837,
    1.3831293110649425,
    1.3717569246078833,
    1.3579971531328683,
    1.3543504015706218,
    1.3415079916628023,
    1.3278965373008778,
    1.3214143423226694,
    1.3039361006154802,
    1.2970999500241143,
    1.289695680331879,
    1.2728412966377818,
    1.258358947956524,
    1.2654834378260773,
    1.2411126305881781,
    1.2359855769160457,
    1.2216014008933362,
    1.2187686922451177,
    1.2065882989392875,
    1.2049507317832484,
    1.1936305942245946,
    1.1753383943448052,
    1.171069694022401,
    1.169248156273327,
    1.1620287687633746,
    1.1486052474655664,
    1.1440647457735227,
    1.1271041111824232,
    1.1188874023790938,
    1.1092758199658257,
    1.1161570133873449,
    1.0997577073475042
  ],
  "client_sizes": [
    1000,
    1000,
    1000,
    1000,
    1000,
    1000,
    1000,
    1000,
    1000,
    1000,
    1000,
    1000,
    1000,
    1000,
    1000,
    1000,
    1000,
    1000,
    1000,
    1000,
    1000,
    1000,
    1000,
    1000,
    1000,
    1000,
    1000,
    1000,
    1000,
    1000,
    1000,
    1000,
    1000,
    1000,
    1000,
    1000,
    1000,
    1000,
    1000,
    1000,
    1000,
    1000,
    1000,
    1000,
    1000,
    1000,
    1000,
    1000,
    1000,
    1000
  ],
  "total_time_seconds": 2927.1443390846252,
  "final_accuracy": 61.91,
  "final_loss": 1.0997577073475042,
  "best_accuracy": 61.91
}