{
  "dataset": "cifar10",
  "strategy": "fedmedian",
  "condition": "iid_equal",
  "seed": 123,
  "num_clients": 50,
  "num_rounds": 50,
  "local_epochs": 1,
  "test_accuracy": [
    13.82,
    23.67,
    29.0,
    30.49,
    34.41,
    37.17,
    39.45,
    41.61,
    43.47,
    44.25,
    44.87,
    45.83,
    46.59,
    47.42,
    47.52,
    48.48,
    49.17,
    49.47,
    50.57,
    50.42,
    50.86,
    51.23,
    51.8,
    52.24,
    52.97,
    53.16,
    53.48,
    53.82,
    54.44,
    54.76,
    55.47,
    55.56,
    56.13,
    56.12,
    56.63,
    56.92,
    57.52,
    57.64,
    57.64,
    58.29,
    58.5,
    58.82,
    59.04,
    59.68,
    59.85,
    60.22,
    60.3,
    60.62,
    61.17,
    61.11,
    61.3
  ],
  "test_loss": [
    2.3030933412119223,
    2.1587038230591307,
    2.0256844515236803,
    1.949044285490871,
    1.877949534513699,
    1.8159800124244567,
    1.7574575571968152,
    1.7027763794786253,
    1.6509916035892864,
    1.6143316125717406,
    1.574818766155182,
    1.5475103817047022,
    1.5193076925917555,
    1.495898624578604,
    1.488737765592508,
    1.4561672164990118,
    1.4523484455510831,
    1.4330069999725292,
    1.4153290251954296,
    1.4119060972628121,
    1.3875636654539991,
    1.3780014255938058,
    1.3720259316051349,
    1.3517207524266106,
    1.3404289145058337,
    1.3298893517579515,
    1.3238398438444534,
    1.303487807226638,
    1.2976740278755894,
    1.2927386568377193,
    1.2846370392714064,
    1.2720170830385373,
    1.2584128859705819,
    1.2534358261492307,
    1.2448524472812494,
    1.2358027810867602,
    1.223799370348263,
    1.2147404524845817,
    1.2064547178844294,
    1.2016422779034501,
    1.1879067291466954,
    1.1795476059944103,
    1.163872192842892,
    1.1564866717631064,
    1.1522723594412636,
    1.136641521804249,
    1.133802904869421,
    1.1212829387606904,
    1.1173003245466433,
    1.113041216001724,
    1.1078286757484412
  ],
  "client_sizes": [
    1000,
    1000,
    1000,
    1000,
    1000,
    1000,
    1000,
    1000,
    1000,
    1000,
    1000,
    1000,
    1000,
    1000,
    1000,
    1000,
    1000,
    1000,
    1000,
    1000,
    1000,
    1000,
    1000,
    1000,
    1000,
    1000,
    1000,
    1000,
    1000,
    1000,
    1000,
    1000,
    1000,
    1000,
    1000,
    1000,
    1000,
    1000,
    1000,
    1000,
    1000,
    1000,
    1000,
    1000,
    1000,
    1000,
    1000,
    1000,
    1000,
    1000
  ],
  "total_time_seconds": 2967.3431103229523,
  "final_accuracy": 61.3,
  "final_loss": 1.1078286757484412,
  "best_accuracy": 61.3
}