{
  "dataset": "cifar10",
  "strategy": "fedmedian",
  "condition": "iid_equal",
  "seed": 42,
  "num_clients": 50,
  "num_rounds": 50,
  "local_epochs": 1,
  "test_accuracy": [
    8.6,
    20.34,
    26.33,
    28.96,
    31.55,
    34.32,
    38.16,
    40.13,
    41.29,
    42.71,
    43.55,
    44.61,
    45.52,
    46.21,
    46.7,
    47.62,
    47.96,
    48.44,
    49.05,
    49.79,
    49.65,
    50.37,
    51.27,
    51.52,
    51.84,
    51.94,
    52.59,
    53.19,
    53.36,
    53.97,
    54.35,
    54.48,
    54.77,
    55.31,
    55.25,
    55.92,
    56.37,
    57.08,
    57.08,
    57.09,
    57.5,
    58.06,
    58.42,
    58.85,
    58.89,
    59.28,
    59.83,
    60.3,
    60.27,
    60.71,
    60.95
  ],
  "test_loss": [
    2.30501694191759,
    2.241871258702141,
    2.050531578140137,
    1.9879855416453303,
    1.9223317951440049,
    1.8598686258632915,
    1.7984964462895743,
    1.7393796005949806,
    1.6898280572586548,
    1.6513257140930468,
    1.6089712975505062,
    1.576952598346308,
    1.5583698422002334,
    1.5282373599731884,
    1.5095717655584073,
    1.4877352844031093,
    1.4675858896761276,
    1.4528219296147649,
    1.4388076287869829,
    1.4274136121280658,
    1.418454164895006,
    1.4009355112386588,
    1.3955774608130653,
    1.3819843248818249,
    1.3729434424695877,
    1.3603224243980627,
    1.3470857017718183,
    1.343826436006223,
    1.3279804932042814,
    1.3172035963771442,
    1.3121690753930675,
    1.299150072728483,
    1.288666000952736,
    1.2756722131476235,
    1.2670865175061332,
    1.262161488159777,
    1.262506741113937,
    1.2461712554620858,
    1.2353684631780313,
    1.2246296668585879,
    1.2244891825194557,
    1.2075947515499859,
    1.2004217078891426,
    1.191589541709461,
    1.1819621160769234,
    1.1799770839298114,
    1.1695898538961198,
    1.1578336893179166,
    1.1539877173237907,
    1.143752894652918,
    1.138947880496613
  ],
  "client_sizes": [
    1000,
    1000,
    1000,
    1000,
    1000,
    1000,
    1000,
    1000,
    1000,
    1000,
    1000,
    1000,
    1000,
    1000,
    1000,
    1000,
    1000,
    1000,
    1000,
    1000,
    1000,
    1000,
    1000,
    1000,
    1000,
    1000,
    1000,
    1000,
    1000,
    1000,
    1000,
    1000,
    1000,
    1000,
    1000,
    1000,
    1000,
    1000,
    1000,
    1000,
    1000,
    1000,
    1000,
    1000,
    1000,
    1000,
    1000,
    1000,
    1000,
    1000
  ],
  "total_time_seconds": 2950.6062428951263,
  "final_accuracy": 60.95,
  "final_loss": 1.138947880496613,
  "best_accuracy": 60.95
}