{
  "dataset": "cifar10",
  "strategy": "fedmedian",
  "condition": "iid_equal",
  "seed": 456,
  "num_clients": 50,
  "num_rounds": 50,
  "local_epochs": 1,
  "test_accuracy": [
    10.5,
    21.41,
    26.06,
    29.45,
    34.21,
    36.39,
    38.91,
    40.63,
    42.05,
    43.55,
    44.51,
    45.29,
    46.52,
    46.95,
    47.14,
    47.94,
    48.72,
    49.16,
    49.77,
    50.26,
    50.67,
    51.24,
    51.69,
    52.09,
    52.59,
    53.16,
    53.3,
    54.3,
    54.46,
    54.8,
    55.31,
    55.42,
    55.96,
    56.6,
    56.77,
    57.29,
    57.53,
    57.9,
    58.31,
    58.36,
    58.97,
    59.23,
    59.47,
    59.91,
    60.09,
    60.52,
    60.83,
    61.02,
    61.25,
    61.68,
    61.81
  ],
  "test_loss": [
    2.301283297828211,
    2.167061071426343,
    2.017901426687027,
    1.953191441088058,
    1.8681581020355225,
    1.7955460754065469,
    1.7354770361805876,
    1.6923705678397474,
    1.6502448758378196,
    1.6248105474935173,
    1.5809934276361435,
    1.548661575911525,
    1.52913312790112,
    1.5095394091865124,
    1.479982994234981,
    1.461158904404686,
    1.458611799505191,
    1.4366766092495415,
    1.4184375064441572,
    1.4104955097356924,
    1.3955080200688907,
    1.381325136739225,
    1.3704728375608548,
    1.3548717095067326,
    1.3368655058522574,
    1.332567469190104,
    1.3256115458262996,
    1.3088954919443343,
    1.3026741845920062,
    1.2962510793353803,
    1.275489990703595,
    1.2755325766036305,
    1.2674713810792746,
    1.2542808705244581,
    1.237729161120832,
    1.2258332986801197,
    1.2212049755425498,
    1.2172538702861189,
    1.2082840198525986,
    1.1949284676545726,
    1.1842622094261,
    1.1862237424896167,
    1.171319303802027,
    1.1615039072097681,
    1.1561121982507432,
    1.1445645231027572,
    1.1354684193675129,
    1.1238713894789212,
    1.1264314129710578,
    1.1155901402711106,
    1.1130334218850912
  ],
  "client_sizes": [
    1000,
    1000,
    1000,
    1000,
    1000,
    1000,
    1000,
    1000,
    1000,
    1000,
    1000,
    1000,
    1000,
    1000,
    1000,
    1000,
    1000,
    1000,
    1000,
    1000,
    1000,
    1000,
    1000,
    1000,
    1000,
    1000,
    1000,
    1000,
    1000,
    1000,
    1000,
    1000,
    1000,
    1000,
    1000,
    1000,
    1000,
    1000,
    1000,
    1000,
    1000,
    1000,
    1000,
    1000,
    1000,
    1000,
    1000,
    1000,
    1000,
    1000
  ],
  "total_time_seconds": 2950.5743041038513,
  "final_accuracy": 61.81,
  "final_loss": 1.1130334218850912,
  "best_accuracy": 61.81
}