{
  "dataset": "cifar10",
  "strategy": "fedmean",
  "condition": "iid_equal",
  "seed": 123,
  "num_clients": 50,
  "num_rounds": 50,
  "local_epochs": 1,
  "test_accuracy": [
    13.82,
    23.98,
    29.35,
    32.78,
    35.73,
    38.31,
    40.87,
    42.76,
    43.63,
    44.8,
    46.61,
    47.05,
    48.29,
    48.65,
    48.65,
    49.78,
    50.12,
    50.77,
    51.12,
    51.86,
    52.54,
    53.23,
    53.32,
    53.63,
    53.88,
    54.54,
    54.93,
    55.48,
    55.65,
    55.83,
    56.63,
    56.96,
    57.13,
    57.45,
    57.93,
    58.18,
    58.43,
    58.81,
    59.26,
    59.74,
    59.88,
    60.31,
    60.44,
    61.19,
    61.24,
    61.64,
    62.18,
    61.83,
    62.31,
    62.83,
    63.02
  ],
  "test_loss": [
    2.3030933412119223,
    2.1503875788789206,
    2.0022856956853654,
    1.942562321504465,
    1.8563221974875599,
    1.783591625789484,
    1.7155416293646961,
    1.6633623602291265,
    1.6176427774155102,
    1.5749162664047827,
    1.5360807599351047,
    1.508695505297603,
    1.488584939283304,
    1.4736164118916082,
    1.4434159567561775,
    1.4378359504401113,
    1.4244255356895277,
    1.4050426342235967,
    1.3934907117209876,
    1.3787900015188101,
    1.3557556898068315,
    1.3487919614718744,
    1.3374500731690624,
    1.3246080863970917,
    1.31250454861516,
    1.301734828339598,
    1.296807458606391,
    1.2790117566577923,
    1.2716495482304606,
    1.274969676051277,
    1.2495083241417004,
    1.2392252841696572,
    1.233792954740433,
    1.2214524378410925,
    1.211846225368329,
    1.1972040494029133,
    1.193006837901216,
    1.1802869269642204,
    1.1779713287901954,
    1.159182979276005,
    1.153165459252013,
    1.1396389915920293,
    1.1338485424130107,
    1.1219341659698243,
    1.111026810000118,
    1.105312004447364,
    1.0971409653703246,
    1.0963491818394524,
    1.0868384295378248,
    1.079621243781556,
    1.0673237865725265
  ],
  "client_sizes": [
    1000,
    1000,
    1000,
    1000,
    1000,
    1000,
    1000,
    1000,
    1000,
    1000,
    1000,
    1000,
    1000,
    1000,
    1000,
    1000,
    1000,
    1000,
    1000,
    1000,
    1000,
    1000,
    1000,
    1000,
    1000,
    1000,
    1000,
    1000,
    1000,
    1000,
    1000,
    1000,
    1000,
    1000,
    1000,
    1000,
    1000,
    1000,
    1000,
    1000,
    1000,
    1000,
    1000,
    1000,
    1000,
    1000,
    1000,
    1000,
    1000,
    1000
  ],
  "total_time_seconds": 2934.7581276893616,
  "final_accuracy": 63.02,
  "final_loss": 1.0673237865725265,
  "best_accuracy": 63.02
}