{
  "dataset": "cifar10",
  "strategy": "fedmean",
  "condition": "iid_equal",
  "seed": 456,
  "num_clients": 50,
  "num_rounds": 50,
  "local_epochs": 1,
  "test_accuracy": [
    10.5,
    22.57,
    27.98,
    30.41,
    34.36,
    37.6,
    40.54,
    41.76,
    43.24,
    44.52,
    45.37,
    45.95,
    47.16,
    47.83,
    48.3,
    49.35,
    49.53,
    50.02,
    50.65,
    51.2,
    51.97,
    52.32,
    53.13,
    53.33,
    53.81,
    54.34,
    54.66,
    55.04,
    55.63,
    55.76,
    56.42,
    56.89,
    56.89,
    57.47,
    57.8,
    58.4,
    58.67,
    59.1,
    59.42,
    60.04,
    59.67,
    60.41,
    60.86,
    61.38,
    61.38,
    61.75,
    62.3,
    62.29,
    62.5,
    62.74,
    63.05
  ],
  "test_loss": [
    2.301283297828211,
    2.161889900795568,
    2.0137124838539586,
    1.932774474064763,
    1.8476552258665189,
    1.771459072923508,
    1.704487148184365,
    1.663596620955787,
    1.6161596455132237,
    1.586723593477243,
    1.5553007914235417,
    1.5249733502110734,
    1.4961275456431575,
    1.4728838948015206,
    1.4581000713494638,
    1.4357989420906043,
    1.4288862208588817,
    1.4018539559726897,
    1.3931021823669776,
    1.3807649361058927,
    1.3581827886569233,
    1.3533609103851807,
    1.3369550624975381,
    1.3227814811106307,
    1.3183690591361195,
    1.3025480632583935,
    1.298213556932565,
    1.2769988640047871,
    1.2728390004307317,
    1.2658454724394095,
    1.2516360147692525,
    1.2419884452423728,
    1.2327125249579312,
    1.2186856130822399,
    1.2188903761747927,
    1.2040397292508866,
    1.1923670723034552,
    1.178293874469428,
    1.1729379389613581,
    1.1673652356425033,
    1.1618672293215133,
    1.1397628641357056,
    1.140334434973927,
    1.1279742818670913,
    1.121247676233895,
    1.1145789015788239,
    1.1011712930072992,
    1.0988656779447683,
    1.0886193755716562,
    1.0851358217172349,
    1.0802003326126561
  ],
  "client_sizes": [
    1000,
    1000,
    1000,
    1000,
    1000,
    1000,
    1000,
    1000,
    1000,
    1000,
    1000,
    1000,
    1000,
    1000,
    1000,
    1000,
    1000,
    1000,
    1000,
    1000,
    1000,
    1000,
    1000,
    1000,
    1000,
    1000,
    1000,
    1000,
    1000,
    1000,
    1000,
    1000,
    1000,
    1000,
    1000,
    1000,
    1000,
    1000,
    1000,
    1000,
    1000,
    1000,
    1000,
    1000,
    1000,
    1000,
    1000,
    1000,
    1000,
    1000
  ],
  "total_time_seconds": 2924.793349504471,
  "final_accuracy": 63.05,
  "final_loss": 1.0802003326126561,
  "best_accuracy": 63.05
}