{
  "dataset": "fashion_mnist",
  "strategy": "fedavg",
  "condition": "iid_unequal",
  "seed": 42,
  "num_clients": 50,
  "num_rounds": 50,
  "local_epochs": 1,
  "test_accuracy": [
    9.97,
    68.37,
    74.95,
    77.23,
    78.9,
    80.49,
    81.58,
    82.81,
    83.34,
    83.8,
    84.25,
    84.59,
    84.64,
    85.25,
    85.63,
    86.0,
    86.2,
    86.66,
    87.01,
    87.19,
    87.14,
    87.31,
    87.37,
    87.54,
    87.72,
    87.77,
    87.93,
    88.08,
    88.2,
    88.28,
    88.42,
    88.35,
    88.5,
    88.63,
    88.59,
    88.73,
    88.72,
    88.96,
    88.97,
    89.05,
    89.21,
    89.32,
    89.19,
    89.33,
    89.39,
    89.58,
    89.36,
    89.6,
    89.58,
    89.62,
    89.81
  ],
  "test_loss": [
    2.3033670266977135,
    0.9453453035019457,
    0.6750475975652092,
    0.5925098097743318,
    0.5474518870298093,
    0.5103624671126326,
    0.49022144679063423,
    0.4643653157515267,
    0.45045109250294135,
    0.4369655395039735,
    0.42197946425729665,
    0.4139948040723039,
    0.4090614684949668,
    0.3955601111482888,
    0.3873593438381014,
    0.381262722142493,
    0.3745851406512169,
    0.3692148877694584,
    0.3609672870498877,
    0.3571112153057854,
    0.3543299639972445,
    0.35086999418208015,
    0.34362902757696834,
    0.34003908634661867,
    0.33666464241263205,
    0.3341111508183205,
    0.33222679236826425,
    0.3269326462389562,
    0.3247491270541764,
    0.32083121522927815,
    0.31981872193539107,
    0.3149455706246745,
    0.3133559055364551,
    0.3124063553187413,
    0.3094797284244158,
    0.3065996579944897,
    0.30516372942410336,
    0.3038987095792073,
    0.30161410721298604,
    0.2991270686919316,
    0.29625462826353294,
    0.2947574351161433,
    0.29311468397466517,
    0.29154484991591195,
    0.290030464232444,
    0.289247505283489,
    0.2875811925973184,
    0.28583967507171176,
    0.2838733995351167,
    0.282379703733106,
    0.2815000225013247
  ],
  "client_sizes": [
    1508,
    941,
    871,
    871,
    2930,
    1806,
    712,
    1556,
    1259,
    136,
    422,
    1327,
    2750,
    877,
    666,
    1143,
    633,
    830,
    1039,
    403,
    1871,
    337,
    297,
    1218,
    1772,
    1195,
    958,
    823,
    718,
    2166,
    1336,
    767,
    590,
    1630,
    2132,
    2004,
    504,
    818,
    706,
    906,
    1859,
    2585,
    1372,
    608,
    1021,
    2906,
    1122,
    825,
    881,
    1393
  ],
  "total_time_seconds": 472.68417406082153,
  "final_accuracy": 89.81,
  "final_loss": 0.2815000225013247,
  "best_accuracy": 89.81
}