{
  "dataset": "fashion_mnist",
  "strategy": "fedavg",
  "condition": "iid_unequal",
  "seed": 456,
  "num_clients": 50,
  "num_rounds": 50,
  "local_epochs": 1,
  "test_accuracy": [
    10.25,
    68.31,
    76.13,
    77.83,
    79.73,
    80.9,
    82.02,
    83.3,
    84.21,
    84.71,
    85.28,
    85.8,
    85.89,
    86.56,
    86.53,
    86.93,
    87.11,
    87.22,
    87.48,
    87.72,
    87.8,
    88.01,
    88.08,
    88.16,
    88.32,
    88.45,
    88.6,
    88.71,
    88.81,
    88.84,
    88.82,
    88.92,
    89.07,
    89.07,
    89.1,
    89.2,
    89.15,
    89.31,
    89.22,
    89.38,
    89.38,
    89.43,
    89.55,
    89.65,
    89.77,
    89.84,
    89.7,
    89.8,
    89.93,
    89.94,
    90.01
  ],
  "test_loss": [
    2.3049960258288884,
    0.9657056367816255,
    0.6561493701256883,
    0.5742875767020753,
    0.5260885895821995,
    0.4928110474690843,
    0.4693732292602618,
    0.44924769552942284,
    0.42746998914800133,
    0.4166726112460938,
    0.4041779012725757,
    0.3940263221058221,
    0.3852540076302644,
    0.37506705615371944,
    0.36882121415850455,
    0.3594834508892065,
    0.35705244960114596,
    0.3521810675176759,
    0.3455272763015363,
    0.340278194878048,
    0.33679388975278257,
    0.33202251337301997,
    0.3292400784338244,
    0.3266403425139741,
    0.3229976169788799,
    0.3195990260107258,
    0.3159821030145255,
    0.31490090366798085,
    0.3112792643828514,
    0.3077668279123763,
    0.30563158145585,
    0.30295706683168777,
    0.30087690364819364,
    0.2992303602326031,
    0.2991451918007657,
    0.2951176392432219,
    0.2932606910150082,
    0.2919262225706928,
    0.2898686831703963,
    0.28802773692070865,
    0.2875370662599897,
    0.2850796789549791,
    0.28382421363466465,
    0.28326775250248254,
    0.28145667682059655,
    0.27956342795929207,
    0.27874507665776976,
    0.2778951190293026,
    0.27577581232824266,
    0.2763124176036245,
    0.2724791619295891
  ],
  "client_sizes": [
    560,
    654,
    2428,
    2838,
    747,
    767,
    358,
    1183,
    3304,
    1876,
    910,
    923,
    416,
    723,
    734,
    776,
    1074,
    2148,
    1812,
    245,
    1597,
    1057,
    1287,
    320,
    2224,
    630,
    1319,
    2226,
    1002,
    1372,
    320,
    449,
    2286,
    930,
    258,
    2990,
    798,
    939,
    1598,
    579,
    1052,
    455,
    1825,
    1230,
    811,
    1984,
    1244,
    1745,
    507,
    490
  ],
  "total_time_seconds": 471.2663104534149,
  "final_accuracy": 90.01,
  "final_loss": 0.2724791619295891,
  "best_accuracy": 90.01
}