{
  "dataset": "fashion_mnist",
  "strategy": "fedavg",
  "condition": "iid_unequal",
  "seed": 789,
  "num_clients": 50,
  "num_rounds": 50,
  "local_epochs": 1,
  "test_accuracy": [
    8.64,
    70.81,
    75.42,
    77.97,
    79.46,
    80.79,
    82.08,
    83.09,
    83.42,
    83.92,
    84.63,
    85.26,
    85.43,
    86.12,
    86.19,
    86.32,
    86.71,
    87.01,
    87.19,
    87.4,
    87.41,
    87.7,
    87.85,
    87.88,
    88.12,
    88.01,
    88.38,
    88.37,
    88.52,
    88.55,
    88.7,
    88.76,
    88.86,
    88.96,
    89.12,
    89.23,
    89.27,
    89.19,
    89.36,
    89.3,
    89.25,
    89.39,
    89.57,
    89.52,
    89.58,
    89.61,
    89.79,
    89.69,
    89.85,
    89.91,
    89.95
  ],
  "test_loss": [
    2.3019711986517373,
    0.9658600244278344,
    0.6715434891537736,
    0.5839382485269358,
    0.5349065535746443,
    0.5041557630410971,
    0.4770156461685991,
    0.45821955266851966,
    0.4380413777293108,
    0.4298730719203766,
    0.4130030397218637,
    0.3996475226105973,
    0.3912641129697474,
    0.3817970190947048,
    0.37638029156211084,
    0.36834944582309204,
    0.3645947820867022,
    0.3566527507794551,
    0.35097805912883134,
    0.345481564085514,
    0.3422164216923257,
    0.33865762202027505,
    0.3354679607807067,
    0.33085795639517207,
    0.32588116579448073,
    0.32665701967458755,
    0.3201033162970703,
    0.31824330197641265,
    0.3135747521306379,
    0.3122286626015799,
    0.3090758148949748,
    0.30634823201087336,
    0.30377610270588545,
    0.3017432015305891,
    0.299904967470767,
    0.29750167466581057,
    0.2970432467734852,
    0.2943471487337789,
    0.2923871900636358,
    0.2912311971592256,
    0.2897975012517204,
    0.28676897920549105,
    0.28619785400958486,
    0.2844642955012405,
    0.28225106546006645,
    0.2819610654165189,
    0.2794271717175318,
    0.2788335882817594,
    0.278050904956679,
    0.2758589729000204,
    0.2737804243025688
  ],
  "client_sizes": [
    351,
    517,
    1039,
    398,
    422,
    1988,
    680,
    746,
    1176,
    374,
    1390,
    1309,
    2149,
    948,
    737,
    771,
    1565,
    507,
    3491,
    564,
    1510,
    160,
    89,
    2091,
    909,
    3051,
    2566,
    1232,
    1079,
    2562,
    1129,
    1745,
    1949,
    1007,
    990,
    1368,
    828,
    431,
    1033,
    1029,
    1545,
    886,
    1098,
    247,
    1982,
    638,
    1105,
    1290,
    2584,
    745
  ],
  "total_time_seconds": 475.91036581993103,
  "final_accuracy": 89.95,
  "final_loss": 0.2737804243025688,
  "best_accuracy": 89.95
}