{
  "dataset": "fashion_mnist",
  "strategy": "fedavg",
  "condition": "iid_unequal",
  "seed": 1011,
  "num_clients": 50,
  "num_rounds": 50,
  "local_epochs": 1,
  "test_accuracy": [
    10.0,
    70.16,
    77.23,
    78.77,
    80.41,
    81.54,
    82.21,
    83.89,
    84.29,
    85.04,
    85.07,
    85.75,
    86.04,
    86.48,
    86.69,
    86.69,
    87.02,
    87.19,
    87.38,
    87.71,
    87.76,
    87.96,
    88.23,
    88.37,
    88.56,
    88.5,
    88.56,
    88.77,
    88.82,
    88.84,
    89.11,
    89.12,
    89.24,
    89.29,
    89.33,
    89.54,
    89.38,
    89.59,
    89.55,
    89.71,
    89.64,
    89.66,
    89.8,
    89.83,
    89.83,
    90.05,
    90.12,
    90.11,
    90.02,
    90.16,
    90.22
  ],
  "test_loss": [
    2.316710524665662,
    0.9461252407524914,
    0.6227849721908569,
    0.550628025596515,
    0.5131020307445678,
    0.4847146958684007,
    0.46526069929614994,
    0.43679454232366705,
    0.427014971360231,
    0.4121513792786735,
    0.4042302977543669,
    0.3909865021229552,
    0.3841378575506302,
    0.3739774777009464,
    0.3671560372693089,
    0.3604563017860769,
    0.3555348459809733,
    0.347589870278066,
    0.3430978089047316,
    0.33809646616538114,
    0.33473786521262633,
    0.32924592685394777,
    0.3253062715212377,
    0.3227261777479237,
    0.3194676546362071,
    0.31667064421902447,
    0.31365587831305236,
    0.3103115688235805,
    0.3077793310696896,
    0.3040175144188701,
    0.30222883934791855,
    0.30004082929592923,
    0.29769986041913776,
    0.29549995841928567,
    0.29401302191253287,
    0.290850667169871,
    0.28932593624812725,
    0.28838828258430615,
    0.2850461051986812,
    0.28441864868608147,
    0.2839292849714573,
    0.2809841952527674,
    0.27961549189048834,
    0.27847918768089036,
    0.27533610306751616,
    0.2746498346590577,
    0.2742130807675302,
    0.2736719610711066,
    0.27195866081042414,
    0.2708767729040723,
    0.270007175920061
  ],
  "client_sizes": [
    335,
    2695,
    897,
    2426,
    884,
    589,
    2380,
    769,
    943,
    2602,
    711,
    3407,
    1088,
    687,
    478,
    773,
    734,
    1700,
    649,
    1608,
    1767,
    1427,
    318,
    383,
    1324,
    1299,
    708,
    788,
    704,
    1121,
    374,
    1167,
    517,
    908,
    366,
    4795,
    1047,
    2527,
    1392,
    580,
    1382,
    258,
    1827,
    363,
    2132,
    516,
    881,
    1377,
    852,
    545
  ],
  "total_time_seconds": 477.14163160324097,
  "final_accuracy": 90.22,
  "final_loss": 0.270007175920061,
  "best_accuracy": 90.22
}