{
  "dataset": "fashion_mnist",
  "strategy": "fedavg",
  "condition": "iid_unequal",
  "seed": 123,
  "num_clients": 50,
  "num_rounds": 50,
  "local_epochs": 1,
  "test_accuracy": [
    10.0,
    72.66,
    77.03,
    78.95,
    80.84,
    81.83,
    82.94,
    83.6,
    84.56,
    84.96,
    85.51,
    85.8,
    86.22,
    86.39,
    86.57,
    87.06,
    87.1,
    87.45,
    87.59,
    87.67,
    87.78,
    87.98,
    88.09,
    88.33,
    88.28,
    88.54,
    88.59,
    88.68,
    88.93,
    89.01,
    89.04,
    89.14,
    89.37,
    89.44,
    89.41,
    89.56,
    89.6,
    89.66,
    89.66,
    89.72,
    89.77,
    90.02,
    90.09,
    90.0,
    90.04,
    90.16,
    90.18,
    90.41,
    90.37,
    90.37,
    90.52
  ],
  "test_loss": [
    2.304265210422845,
    0.8746695514685049,
    0.615162870564019,
    0.5513628785031292,
    0.5091500113280817,
    0.48172218840533554,
    0.4569864899586565,
    0.44238442215866175,
    0.4205504347103092,
    0.40736396986836443,
    0.3963873347106833,
    0.38661498669237376,
    0.3774365008401033,
    0.37065400421238553,
    0.36192944983895214,
    0.3559561370613095,
    0.3537621587967149,
    0.344869730714411,
    0.34045285353074056,
    0.3355557442711184,
    0.33132979035758364,
    0.32835329941714914,
    0.3252542436170502,
    0.32027898297999235,
    0.3157742179858799,
    0.313097781492784,
    0.3108415895948014,
    0.3099030133800956,
    0.3052669004819835,
    0.3022035453528071,
    0.300053795281881,
    0.29747360824538877,
    0.29769914411603454,
    0.29268790689853436,
    0.29175534996742636,
    0.29016479520133126,
    0.2880766675019036,
    0.2848140880013236,
    0.2833064069358495,
    0.28132317659144584,
    0.27996117772814183,
    0.2794395902405341,
    0.2769797545985673,
    0.2751136066766974,
    0.2724349942689125,
    0.27335450710199133,
    0.2708431322770283,
    0.2696226196952712,
    0.26910016388772207,
    0.26685591774007766,
    0.2650232470502107
  ],
  "client_sizes": [
    325,
    1737,
    537,
    2535,
    45,
    614,
    489,
    810,
    606,
    611,
    1744,
    1161,
    380,
    1935,
    1642,
    219,
    711,
    18,
    1663,
    761,
    403,
    1079,
    634,
    1322,
    3698,
    1183,
    1717,
    3431,
    2664,
    437,
    1625,
    2680,
    448,
    1529,
    2226,
    1541,
    287,
    1015,
    1919,
    321,
    628,
    790,
    2027,
    485,
    677,
    325,
    3183,
    989,
    1905,
    289
  ],
  "total_time_seconds": 474.66596007347107,
  "final_accuracy": 90.52,
  "final_loss": 0.2650232470502107,
  "best_accuracy": 90.52
}