{
  "dataset": "fashion_mnist",
  "strategy": "fedmean",
  "condition": "iid_unequal",
  "seed": 456,
  "num_clients": 50,
  "num_rounds": 50,
  "local_epochs": 1,
  "test_accuracy": [
    10.25,
    67.57,
    73.22,
    76.62,
    78.07,
    79.12,
    80.19,
    81.34,
    82.38,
    83.0,
    83.71,
    84.41,
    84.82,
    84.92,
    85.19,
    85.66,
    86.01,
    86.17,
    86.25,
    86.59,
    86.68,
    86.83,
    87.03,
    87.05,
    87.37,
    87.39,
    87.54,
    87.64,
    87.77,
    87.75,
    88.1,
    88.05,
    88.15,
    88.2,
    88.19,
    88.32,
    88.5,
    88.53,
    88.61,
    88.64,
    88.8,
    88.73,
    88.81,
    88.73,
    88.91,
    88.88,
    88.97,
    89.05,
    88.93,
    89.08,
    89.16
  ],
  "test_loss": [
    2.3049960258288884,
    1.225245024259098,
    0.7447337896679156,
    0.6306032766930212,
    0.5784930127878158,
    0.5399505379386603,
    0.5158032220773423,
    0.4894316167877124,
    0.47214977043314865,
    0.4587386806075946,
    0.4419360338403775,
    0.43038134807691025,
    0.42067658201383706,
    0.40898324054079693,
    0.40430480713090194,
    0.3946221912392793,
    0.3891837515960486,
    0.3827080140574672,
    0.3762876870342718,
    0.37237511739468043,
    0.36699702202702483,
    0.3626322713903726,
    0.35877729811893105,
    0.35523297782904045,
    0.34947318996722326,
    0.3470897432595206,
    0.34344856222026265,
    0.34055616225773533,
    0.33767743963307845,
    0.336687948685675,
    0.33212367247659175,
    0.3292868673182524,
    0.3263802888056341,
    0.3248470789565446,
    0.3216025259214849,
    0.32047520305354377,
    0.3171393976520045,
    0.31590011549262575,
    0.3131620745998792,
    0.31270248421464863,
    0.31074686493641274,
    0.3087270802345139,
    0.3067734638889567,
    0.30572513702768866,
    0.3031305643958977,
    0.30081085864299784,
    0.30096264583424637,
    0.2984584124562458,
    0.29724356132193497,
    0.2957051358283899,
    0.29416474175100893
  ],
  "client_sizes": [
    560,
    654,
    2428,
    2838,
    747,
    767,
    358,
    1183,
    3304,
    1876,
    910,
    923,
    416,
    723,
    734,
    776,
    1074,
    2148,
    1812,
    245,
    1597,
    1057,
    1287,
    320,
    2224,
    630,
    1319,
    2226,
    1002,
    1372,
    320,
    449,
    2286,
    930,
    258,
    2990,
    798,
    939,
    1598,
    579,
    1052,
    455,
    1825,
    1230,
    811,
    1984,
    1244,
    1745,
    507,
    490
  ],
  "total_time_seconds": 476.6532027721405,
  "final_accuracy": 89.16,
  "final_loss": 0.29416474175100893,
  "best_accuracy": 89.16
}