{
  "dataset": "fashion_mnist",
  "strategy": "fedmean",
  "condition": "iid_unequal",
  "seed": 42,
  "num_clients": 50,
  "num_rounds": 50,
  "local_epochs": 1,
  "test_accuracy": [
    9.97,
    65.74,
    73.19,
    75.82,
    77.44,
    78.85,
    79.93,
    81.15,
    81.64,
    82.47,
    83.21,
    83.49,
    84.1,
    84.18,
    84.43,
    84.48,
    85.07,
    85.33,
    85.58,
    85.57,
    85.92,
    86.26,
    86.47,
    86.8,
    87.03,
    87.14,
    87.19,
    87.3,
    87.42,
    87.35,
    87.63,
    87.73,
    87.58,
    87.86,
    87.84,
    87.98,
    88.27,
    88.25,
    88.41,
    88.3,
    88.5,
    88.4,
    88.63,
    88.62,
    88.9,
    88.75,
    88.89,
    88.79,
    88.87,
    88.86,
    89.01
  ],
  "test_loss": [
    2.3033670266977135,
    1.109184872418547,
    0.7368713583047397,
    0.6381715140974941,
    0.5874796275513622,
    0.5530180594982049,
    0.525560023876044,
    0.5059411922297158,
    0.4869130842697125,
    0.46962692062504374,
    0.45627764310128394,
    0.44881741378825313,
    0.43063889853299236,
    0.42426671211521466,
    0.4165671320435719,
    0.4123652915413768,
    0.4010289268800245,
    0.39587306631163666,
    0.3879452456895726,
    0.38435181605216034,
    0.3792417337790655,
    0.3744631907858026,
    0.36999832943510325,
    0.36434898476678723,
    0.36195149447638003,
    0.3555683345554736,
    0.35330322101569406,
    0.3503336709337874,
    0.3474988662682402,
    0.34416186057340603,
    0.343046530414694,
    0.3387339743324362,
    0.33594575869484833,
    0.3359657920801792,
    0.3309429077009043,
    0.3295271240127163,
    0.3254208904676163,
    0.3234468472603792,
    0.32259187377251375,
    0.31967414926273374,
    0.31796410742897196,
    0.3159350336621554,
    0.31502602833766524,
    0.3128021762322504,
    0.31123129471231953,
    0.30799378878392353,
    0.30763155381424356,
    0.3062923499070608,
    0.30308289465289145,
    0.30109581145377584,
    0.3003301321031948
  ],
  "client_sizes": [
    1508,
    941,
    871,
    871,
    2930,
    1806,
    712,
    1556,
    1259,
    136,
    422,
    1327,
    2750,
    877,
    666,
    1143,
    633,
    830,
    1039,
    403,
    1871,
    337,
    297,
    1218,
    1772,
    1195,
    958,
    823,
    718,
    2166,
    1336,
    767,
    590,
    1630,
    2132,
    2004,
    504,
    818,
    706,
    906,
    1859,
    2585,
    1372,
    608,
    1021,
    2906,
    1122,
    825,
    881,
    1393
  ],
  "total_time_seconds": 477.4629273414612,
  "final_accuracy": 89.01,
  "final_loss": 0.3003301321031948,
  "best_accuracy": 89.01
}