{
  "dataset": "fashion_mnist",
  "strategy": "fedmedian",
  "condition": "iid_unequal",
  "seed": 789,
  "num_clients": 50,
  "num_rounds": 50,
  "local_epochs": 1,
  "test_accuracy": [
    8.64,
    65.99,
    72.34,
    74.64,
    76.74,
    77.66,
    78.4,
    79.15,
    79.49,
    80.37,
    81.26,
    81.72,
    82.36,
    82.78,
    83.03,
    83.08,
    83.54,
    83.86,
    84.27,
    84.25,
    84.63,
    84.97,
    85.08,
    85.29,
    85.57,
    85.54,
    85.82,
    85.92,
    86.11,
    86.32,
    86.37,
    86.49,
    86.56,
    86.7,
    86.68,
    86.79,
    87.05,
    86.94,
    87.12,
    87.1,
    87.44,
    87.48,
    87.45,
    87.64,
    87.65,
    87.78,
    87.87,
    87.93,
    87.98,
    88.04,
    88.2
  ],
  "test_loss": [
    2.3019711986517373,
    1.2549981771947476,
    0.8045602697914782,
    0.6859885676981161,
    0.6262820432551752,
    0.5892596912269775,
    0.5658834418549705,
    0.543290760760871,
    0.5299048898890376,
    0.5113614893283326,
    0.4954343771401305,
    0.4847034395407564,
    0.47181667335117206,
    0.4624595211717648,
    0.4530667920177356,
    0.4465055894166136,
    0.4365579674181085,
    0.429804009227707,
    0.4223905224769641,
    0.41697707967445874,
    0.4091543986584051,
    0.4038474284612333,
    0.3997972209851582,
    0.3944042149824075,
    0.3897735010892058,
    0.38786262252365056,
    0.383593797041014,
    0.3783890495118432,
    0.37481370494483757,
    0.3728786787738244,
    0.3685736626553269,
    0.36515144265878696,
    0.3622735479412178,
    0.3592868785912427,
    0.3588027681786412,
    0.35562473054701527,
    0.3523391768717156,
    0.3509174536187618,
    0.348829491212726,
    0.3483746809224351,
    0.34406596143691304,
    0.34218702470056545,
    0.3404587637216519,
    0.3380273190169289,
    0.3371546361654902,
    0.3342215925597916,
    0.3333587267528327,
    0.33223727876290726,
    0.32978730063183237,
    0.3284322240244085,
    0.32726383399658693
  ],
  "client_sizes": [
    351,
    517,
    1039,
    398,
    422,
    1988,
    680,
    746,
    1176,
    374,
    1390,
    1309,
    2149,
    948,
    737,
    771,
    1565,
    507,
    3491,
    564,
    1510,
    160,
    89,
    2091,
    909,
    3051,
    2566,
    1232,
    1079,
    2562,
    1129,
    1745,
    1949,
    1007,
    990,
    1368,
    828,
    431,
    1033,
    1029,
    1545,
    886,
    1098,
    247,
    1982,
    638,
    1105,
    1290,
    2584,
    745
  ],
  "total_time_seconds": 497.15697598457336,
  "final_accuracy": 88.2,
  "final_loss": 0.32726383399658693,
  "best_accuracy": 88.2
}