{
  "dataset": "fashion_mnist",
  "strategy": "fedmedian",
  "condition": "iid_unequal",
  "seed": 456,
  "num_clients": 50,
  "num_rounds": 50,
  "local_epochs": 1,
  "test_accuracy": [
    10.25,
    64.85,
    69.31,
    74.94,
    76.61,
    78.04,
    79.24,
    79.89,
    80.71,
    81.14,
    81.68,
    82.66,
    83.12,
    83.61,
    84.1,
    84.36,
    84.54,
    84.81,
    85.08,
    85.22,
    85.57,
    85.56,
    85.66,
    85.92,
    86.23,
    86.26,
    86.5,
    86.52,
    86.75,
    86.78,
    86.95,
    87.0,
    87.32,
    87.38,
    87.42,
    87.5,
    87.46,
    87.45,
    87.61,
    87.6,
    87.69,
    87.62,
    87.88,
    87.87,
    88.03,
    88.06,
    88.16,
    88.17,
    88.14,
    88.26,
    88.22
  ],
  "test_loss": [
    2.3049960258288884,
    1.2895431689941845,
    0.8259636397940663,
    0.6829396284426363,
    0.6227614021720216,
    0.5791729042133965,
    0.5508902324750401,
    0.5259267635905324,
    0.5081481064756077,
    0.4938850731324083,
    0.48142603982370885,
    0.465176218043501,
    0.4545351723893382,
    0.4460855752896196,
    0.4374628582130225,
    0.4288742898371273,
    0.4198949479352171,
    0.41455169393422125,
    0.41073784912927463,
    0.4019072447388698,
    0.3968821355757622,
    0.3924042687724574,
    0.3879855031879565,
    0.3841438184435756,
    0.38132540895916023,
    0.3767809230155838,
    0.37452253349387227,
    0.3708471593241722,
    0.3657430703409564,
    0.36316952911523964,
    0.35974515393709605,
    0.35745898486611943,
    0.35406576133907414,
    0.3524883849361834,
    0.34893701688502543,
    0.34803407096539063,
    0.34403152193743197,
    0.34275528719535653,
    0.3408497297487701,
    0.33819236563512695,
    0.33616108211655965,
    0.3371428922413828,
    0.3332313239907685,
    0.3311543717932777,
    0.3298241668187391,
    0.3272659096140831,
    0.3254242621647855,
    0.32518475200421515,
    0.32250888531390853,
    0.32107458706385794,
    0.3198075112157736
  ],
  "client_sizes": [
    560,
    654,
    2428,
    2838,
    747,
    767,
    358,
    1183,
    3304,
    1876,
    910,
    923,
    416,
    723,
    734,
    776,
    1074,
    2148,
    1812,
    245,
    1597,
    1057,
    1287,
    320,
    2224,
    630,
    1319,
    2226,
    1002,
    1372,
    320,
    449,
    2286,
    930,
    258,
    2990,
    798,
    939,
    1598,
    579,
    1052,
    455,
    1825,
    1230,
    811,
    1984,
    1244,
    1745,
    507,
    490
  ],
  "total_time_seconds": 497.8663594722748,
  "final_accuracy": 88.22,
  "final_loss": 0.3198075112157736,
  "best_accuracy": 88.26
}