{
  "dataset": "fashion_mnist",
  "strategy": "fedmean",
  "condition": "iid_unequal",
  "seed": 123,
  "num_clients": 50,
  "num_rounds": 50,
  "local_epochs": 1,
  "test_accuracy": [
    10.0,
    69.04,
    74.12,
    77.33,
    78.67,
    79.58,
    80.35,
    81.34,
    82.14,
    82.91,
    83.33,
    84.08,
    84.5,
    84.76,
    85.35,
    85.55,
    85.74,
    86.04,
    86.27,
    86.3,
    86.47,
    86.57,
    86.76,
    86.96,
    87.06,
    87.15,
    87.21,
    87.35,
    87.44,
    87.53,
    87.67,
    87.65,
    87.82,
    87.81,
    88.03,
    88.0,
    88.12,
    88.35,
    88.57,
    88.64,
    88.48,
    88.74,
    88.68,
    88.8,
    88.87,
    88.89,
    88.88,
    88.99,
    89.21,
    89.12,
    89.23
  ],
  "test_loss": [
    2.304265210422845,
    1.2111318673188693,
    0.7078605428480873,
    0.6198649289318547,
    0.5710004132014875,
    0.5375998191559277,
    0.5154536781124414,
    0.492205124455519,
    0.47812560015021804,
    0.460546683484373,
    0.44934082274048476,
    0.43376606288618935,
    0.4241356885614106,
    0.41637176858445707,
    0.40697600971014736,
    0.3993239940260165,
    0.39275074533570686,
    0.3857198908877449,
    0.37933497752149264,
    0.37417264499317726,
    0.37005535458413935,
    0.36659433069034886,
    0.36176464879236664,
    0.3577011473738728,
    0.3545138531218702,
    0.35100709742155317,
    0.3469549521042135,
    0.34350108871825585,
    0.34035664245771907,
    0.336983490675783,
    0.3340794122019134,
    0.3322808029481207,
    0.3295560404539299,
    0.3273763496892902,
    0.32488714892881365,
    0.3220597309902453,
    0.3200677150306991,
    0.3178086848423694,
    0.31629649973429813,
    0.31359569109476415,
    0.312472521794585,
    0.31075356830470857,
    0.30911103086159253,
    0.3065392235026192,
    0.3046541392279509,
    0.3045642608270858,
    0.3019803160200485,
    0.3003087445093801,
    0.2989228773064697,
    0.29658537707961025,
    0.29628092146957646
  ],
  "client_sizes": [
    325,
    1737,
    537,
    2535,
    45,
    614,
    489,
    810,
    606,
    611,
    1744,
    1161,
    380,
    1935,
    1642,
    219,
    711,
    18,
    1663,
    761,
    403,
    1079,
    634,
    1322,
    3698,
    1183,
    1717,
    3431,
    2664,
    437,
    1625,
    2680,
    448,
    1529,
    2226,
    1541,
    287,
    1015,
    1919,
    321,
    628,
    790,
    2027,
    485,
    677,
    325,
    3183,
    989,
    1905,
    289
  ],
  "total_time_seconds": 476.7134861946106,
  "final_accuracy": 89.23,
  "final_loss": 0.29628092146957646,
  "best_accuracy": 89.23
}