{
  "dataset": "fashion_mnist",
  "strategy": "fedmean",
  "condition": "iid_unequal",
  "seed": 789,
  "num_clients": 50,
  "num_rounds": 50,
  "local_epochs": 1,
  "test_accuracy": [
    8.64,
    69.12,
    73.43,
    76.14,
    77.76,
    78.96,
    80.07,
    80.6,
    81.68,
    82.3,
    83.04,
    83.34,
    83.64,
    83.94,
    84.42,
    84.86,
    85.29,
    85.33,
    85.63,
    86.14,
    86.14,
    86.45,
    86.52,
    86.58,
    86.86,
    87.03,
    87.15,
    87.31,
    87.48,
    87.56,
    87.94,
    87.89,
    87.92,
    87.96,
    88.11,
    88.19,
    88.17,
    88.3,
    88.51,
    88.5,
    88.47,
    88.7,
    88.77,
    88.64,
    88.84,
    88.98,
    88.81,
    88.92,
    89.03,
    89.08,
    89.08
  ],
  "test_loss": [
    2.3019711986517373,
    1.2175082790965852,
    0.7466239847314243,
    0.6456901179715848,
    0.5883941684668057,
    0.5548015069275999,
    0.5257538887448966,
    0.5028989611151881,
    0.4857118176861693,
    0.4685340440406586,
    0.4530047015450633,
    0.44354377825039265,
    0.43386539147970393,
    0.4249994631487721,
    0.4155298273403424,
    0.40754737350316095,
    0.3980209632232166,
    0.3937569948050161,
    0.38580262856171155,
    0.37769725242742713,
    0.37438146280832946,
    0.36848989739633214,
    0.3652522914325848,
    0.3615350094132911,
    0.35654999832280526,
    0.35330113127065926,
    0.35067597132759354,
    0.34541542321062696,
    0.34353873688287245,
    0.33912060529993365,
    0.33693530581915343,
    0.3361279625719348,
    0.33122562767027286,
    0.3284452498173371,
    0.32754824334344923,
    0.3244588699536963,
    0.321968549130538,
    0.3206583742445079,
    0.3173914565303074,
    0.3163668970330455,
    0.3139486840000739,
    0.3115281308420931,
    0.31125944341047884,
    0.30897976151004003,
    0.3068429698911719,
    0.3054873991888552,
    0.3043879033229983,
    0.3032631104508528,
    0.300257126529948,
    0.29937429589252124,
    0.29781669000990857
  ],
  "client_sizes": [
    351,
    517,
    1039,
    398,
    422,
    1988,
    680,
    746,
    1176,
    374,
    1390,
    1309,
    2149,
    948,
    737,
    771,
    1565,
    507,
    3491,
    564,
    1510,
    160,
    89,
    2091,
    909,
    3051,
    2566,
    1232,
    1079,
    2562,
    1129,
    1745,
    1949,
    1007,
    990,
    1368,
    828,
    431,
    1033,
    1029,
    1545,
    886,
    1098,
    247,
    1982,
    638,
    1105,
    1290,
    2584,
    745
  ],
  "total_time_seconds": 478.21590518951416,
  "final_accuracy": 89.08,
  "final_loss": 0.29781669000990857,
  "best_accuracy": 89.08
}