{
  "dataset": "fashion_mnist",
  "strategy": "fedmedian",
  "condition": "iid_unequal",
  "seed": 1011,
  "num_clients": 50,
  "num_rounds": 50,
  "local_epochs": 1,
  "test_accuracy": [
    10.0,
    61.03,
    72.44,
    74.96,
    77.11,
    78.13,
    78.75,
    79.62,
    80.18,
    80.42,
    81.22,
    81.58,
    82.29,
    82.54,
    83.29,
    83.52,
    83.9,
    84.47,
    84.66,
    84.74,
    85.15,
    85.22,
    85.43,
    85.57,
    85.72,
    85.98,
    86.18,
    86.2,
    86.4,
    86.57,
    86.77,
    86.69,
    86.68,
    86.85,
    86.92,
    86.89,
    87.21,
    87.23,
    87.01,
    87.23,
    87.43,
    87.55,
    87.62,
    87.62,
    87.74,
    87.92,
    87.93,
    87.87,
    88.07,
    88.13,
    88.17
  ],
  "test_loss": [
    2.316710524665662,
    1.2806313361603612,
    0.818253729480524,
    0.6924302774115493,
    0.6223256009074446,
    0.5857862648301231,
    0.5584316103222271,
    0.538404649581772,
    0.5184115472312172,
    0.5040032857427963,
    0.4885918447099174,
    0.4803376812428331,
    0.4640763821407629,
    0.4577451757729625,
    0.44849381526819054,
    0.44249459491751064,
    0.4344394454797998,
    0.42472549211293364,
    0.41897852266558444,
    0.4126716249714644,
    0.40758071106653243,
    0.40221338040722066,
    0.39815202712441405,
    0.39335106196590125,
    0.3904552156456743,
    0.3866221004972062,
    0.38043080903470705,
    0.3783680964201784,
    0.3742498493137451,
    0.37009741206424307,
    0.36788301455517547,
    0.36529572112872577,
    0.3631251718337163,
    0.35942304024871546,
    0.35753915758845145,
    0.3559760261838809,
    0.3524198172667537,
    0.34963450537988555,
    0.34827034118266914,
    0.346038820549322,
    0.34326355935285646,
    0.34131486230669694,
    0.33923966670855166,
    0.33815039913303935,
    0.3360588680060146,
    0.33376894374720206,
    0.3326088781721485,
    0.3312548681760368,
    0.3288450189791739,
    0.32684502193626885,
    0.32578584623222534
  ],
  "client_sizes": [
    335,
    2695,
    897,
    2426,
    884,
    589,
    2380,
    769,
    943,
    2602,
    711,
    3407,
    1088,
    687,
    478,
    773,
    734,
    1700,
    649,
    1608,
    1767,
    1427,
    318,
    383,
    1324,
    1299,
    708,
    788,
    704,
    1121,
    374,
    1167,
    517,
    908,
    366,
    4795,
    1047,
    2527,
    1392,
    580,
    1382,
    258,
    1827,
    363,
    2132,
    516,
    881,
    1377,
    852,
    545
  ],
  "total_time_seconds": 497.57311248779297,
  "final_accuracy": 88.17,
  "final_loss": 0.32578584623222534,
  "best_accuracy": 88.17
}