{
  "dataset": "fashion_mnist",
  "strategy": "fedmedian",
  "condition": "iid_unequal",
  "seed": 123,
  "num_clients": 50,
  "num_rounds": 50,
  "local_epochs": 1,
  "test_accuracy": [
    10.0,
    63.84,
    71.35,
    75.13,
    76.23,
    77.87,
    78.77,
    79.25,
    79.81,
    80.76,
    81.3,
    81.67,
    82.05,
    82.89,
    83.26,
    83.46,
    83.91,
    84.22,
    84.23,
    84.71,
    84.85,
    85.11,
    85.25,
    85.27,
    85.67,
    85.69,
    85.76,
    85.81,
    86.16,
    86.05,
    86.23,
    86.29,
    86.32,
    86.42,
    86.59,
    86.62,
    86.82,
    86.87,
    86.99,
    86.94,
    87.08,
    87.19,
    87.18,
    87.28,
    87.39,
    87.29,
    87.45,
    87.56,
    87.56,
    87.57,
    87.62
  ],
  "test_loss": [
    2.304265210422845,
    1.3747556746577303,
    0.8111999112005812,
    0.6873535415806329,
    0.6284097744443546,
    0.5928352262836676,
    0.5649847801500997,
    0.5435050211775417,
    0.5294938667799337,
    0.508904905793385,
    0.49496687063203454,
    0.48484641004103823,
    0.4759718691483854,
    0.4660969788845355,
    0.45445087299750636,
    0.44751190296567667,
    0.4380685901775147,
    0.4335625329004309,
    0.4287579694209388,
    0.4204045771933592,
    0.4150645423668642,
    0.4119720866981025,
    0.40498268432891404,
    0.40283473481099824,
    0.39729009709133506,
    0.39245136579671225,
    0.38880840712747633,
    0.3856539121165443,
    0.38211032322134836,
    0.3802965459303734,
    0.3763963583226021,
    0.37363126521674206,
    0.37113449277397925,
    0.36879136065800733,
    0.36630390887966935,
    0.3637550600563375,
    0.3606950925728574,
    0.35908515685901476,
    0.3575932494938945,
    0.3544991015078732,
    0.3527871542416822,
    0.3507836455592332,
    0.349905147910499,
    0.3478201617971777,
    0.3462336367835252,
    0.3446309506036222,
    0.34247396563807614,
    0.34148604891742,
    0.3387272065868393,
    0.3382788358119349,
    0.3369671374845048
  ],
  "client_sizes": [
    325,
    1737,
    537,
    2535,
    45,
    614,
    489,
    810,
    606,
    611,
    1744,
    1161,
    380,
    1935,
    1642,
    219,
    711,
    18,
    1663,
    761,
    403,
    1079,
    634,
    1322,
    3698,
    1183,
    1717,
    3431,
    2664,
    437,
    1625,
    2680,
    448,
    1529,
    2226,
    1541,
    287,
    1015,
    1919,
    321,
    628,
    790,
    2027,
    485,
    677,
    325,
    3183,
    989,
    1905,
    289
  ],
  "total_time_seconds": 500.2064983844757,
  "final_accuracy": 87.62,
  "final_loss": 0.3369671374845048,
  "best_accuracy": 87.62
}