{
  "dataset": "fashion_mnist",
  "strategy": "fedmean",
  "condition": "iid_unequal",
  "seed": 1011,
  "num_clients": 50,
  "num_rounds": 50,
  "local_epochs": 1,
  "test_accuracy": [
    10.0,
    66.04,
    74.14,
    76.89,
    78.26,
    79.42,
    80.23,
    80.96,
    82.0,
    82.27,
    83.24,
    83.75,
    83.96,
    84.84,
    84.82,
    85.19,
    85.48,
    85.86,
    86.1,
    86.12,
    86.35,
    86.51,
    86.69,
    86.81,
    86.87,
    86.95,
    87.05,
    87.31,
    87.4,
    87.54,
    87.57,
    87.7,
    87.86,
    87.92,
    88.18,
    88.26,
    88.42,
    88.47,
    88.65,
    88.6,
    88.74,
    88.81,
    88.85,
    88.89,
    88.95,
    89.11,
    89.08,
    89.19,
    89.23,
    89.29,
    89.4
  ],
  "test_loss": [
    2.316710524665662,
    1.19467928615241,
    0.7302351901515985,
    0.6228675013913895,
    0.5702330077798984,
    0.5374252567180811,
    0.5140138926883094,
    0.4936091574236227,
    0.47558551936294324,
    0.4652892336392174,
    0.4502856052531221,
    0.4378212146675244,
    0.43074430656223633,
    0.4190631849697223,
    0.410376378355887,
    0.40050744010617556,
    0.3973499740512607,
    0.3885756065003788,
    0.38202600764295164,
    0.3777797848652727,
    0.3727590169864722,
    0.3691329460222119,
    0.36589744268134,
    0.36094730404523995,
    0.35737496804886354,
    0.35298542462932037,
    0.3505667701553994,
    0.347360386730383,
    0.3424963840066244,
    0.34009697314458914,
    0.3374319913478705,
    0.3347156337750986,
    0.33122255912604043,
    0.3291942221930804,
    0.32609182341506304,
    0.3231561291522492,
    0.32136719047832796,
    0.3188081003439883,
    0.3166601169414033,
    0.3147818476271134,
    0.3130728060754534,
    0.31125700610657087,
    0.30910141556598125,
    0.3066751583815573,
    0.3055279060317495,
    0.30305371119286684,
    0.3019295414201558,
    0.30042720646761095,
    0.2994552363460056,
    0.2976223035171009,
    0.29597504327472407
  ],
  "client_sizes": [
    335,
    2695,
    897,
    2426,
    884,
    589,
    2380,
    769,
    943,
    2602,
    711,
    3407,
    1088,
    687,
    478,
    773,
    734,
    1700,
    649,
    1608,
    1767,
    1427,
    318,
    383,
    1324,
    1299,
    708,
    788,
    704,
    1121,
    374,
    1167,
    517,
    908,
    366,
    4795,
    1047,
    2527,
    1392,
    580,
    1382,
    258,
    1827,
    363,
    2132,
    516,
    881,
    1377,
    852,
    545
  ],
  "total_time_seconds": 475.7707953453064,
  "final_accuracy": 89.4,
  "final_loss": 0.29597504327472407,
  "best_accuracy": 89.4
}