{
  "dataset": "fashion_mnist",
  "strategy": "fedmedian",
  "condition": "iid_unequal",
  "seed": 42,
  "num_clients": 50,
  "num_rounds": 50,
  "local_epochs": 1,
  "test_accuracy": [
    9.97,
    64.11,
    70.61,
    74.04,
    76.51,
    77.06,
    78.55,
    79.65,
    80.52,
    80.72,
    81.99,
    81.92,
    82.96,
    83.32,
    83.73,
    83.8,
    84.16,
    84.22,
    84.55,
    84.79,
    84.96,
    85.12,
    85.35,
    85.34,
    85.73,
    86.11,
    85.99,
    86.35,
    86.4,
    86.46,
    86.84,
    86.89,
    87.12,
    87.1,
    87.04,
    87.27,
    87.33,
    87.34,
    87.54,
    87.5,
    87.46,
    87.73,
    87.74,
    87.8,
    87.82,
    87.9,
    87.97,
    88.01,
    88.23,
    88.1,
    88.22
  ],
  "test_loss": [
    2.3033670266977135,
    1.1402248346005766,
    0.7917050369821799,
    0.6804614110876577,
    0.6193985793346795,
    0.5904494961039327,
    0.5593570956406883,
    0.5372580148446293,
    0.516936407112085,
    0.5033058246579795,
    0.48643295700176836,
    0.47885440132869317,
    0.4633657939898701,
    0.45119142241942617,
    0.4433571573930046,
    0.4362268767322595,
    0.43092697751693454,
    0.42235725918136086,
    0.4151441187332994,
    0.40796122616662767,
    0.40624954308659883,
    0.39841491395768264,
    0.39561757319175395,
    0.39313853327363446,
    0.38545107636779263,
    0.3806241467333259,
    0.37892394654524214,
    0.3747659097797574,
    0.3715621592185368,
    0.369810370889049,
    0.36428992728741405,
    0.3622640700766835,
    0.3583128338518996,
    0.35672658201033314,
    0.35420822049863043,
    0.35214092713384965,
    0.3502938540313191,
    0.34838262719277757,
    0.3455324226056044,
    0.34199903664973597,
    0.3416114104465364,
    0.33955532519486004,
    0.33711142707080505,
    0.3372493123355955,
    0.3326891471688359,
    0.332353216723893,
    0.3307243248406119,
    0.32821726499083703,
    0.32652909144425923,
    0.3247731731246455,
    0.3243812987455926
  ],
  "client_sizes": [
    1508,
    941,
    871,
    871,
    2930,
    1806,
    712,
    1556,
    1259,
    136,
    422,
    1327,
    2750,
    877,
    666,
    1143,
    633,
    830,
    1039,
    403,
    1871,
    337,
    297,
    1218,
    1772,
    1195,
    958,
    823,
    718,
    2166,
    1336,
    767,
    590,
    1630,
    2132,
    2004,
    504,
    818,
    706,
    906,
    1859,
    2585,
    1372,
    608,
    1021,
    2906,
    1122,
    825,
    881,
    1393
  ],
  "total_time_seconds": 495.96429324150085,
  "final_accuracy": 88.22,
  "final_loss": 0.3243812987455926,
  "best_accuracy": 88.23
}