{
  "rounds": [
    0,
    0,
    1,
    2,
    3,
    4,
    5,
    6,
    7,
    8,
    9,
    10,
    11,
    12,
    13,
    14,
    15,
    16,
    17,
    18,
    19,
    20,
    21,
    22,
    23,
    24,
    25,
    26,
    27,
    28,
    29,
    30,
    31,
    32,
    33,
    34,
    35,
    36,
    37,
    38,
    39,
    40,
    41,
    42,
    43,
    44,
    45,
    46,
    47,
    48,
    49,
    50
  ],
  "train_loss": [],
  "train_accuracy": [],
  "test_accuracy": [
    10.03,
    27.88,
    37.82,
    41.25,
    43.58,
    44.99,
    46.69,
    48.0,
    49.12,
    50.15,
    51.46,
    52.45,
    53.38,
    54.74,
    55.29,
    56.46,
    57.26,
    57.87,
    58.93,
    59.65,
    59.84,
    60.04,
    60.8,
    61.26,
    61.65,
    62.34,
    62.94,
    63.29,
    63.59,
    63.91,
    64.36,
    64.79,
    65.1,
    65.54,
    65.36,
    65.83,
    66.04,
    66.12,
    66.3,
    66.54,
    66.8,
    66.91,
    66.95,
    67.15,
    67.53,
    67.71,
    67.75,
    67.94,
    67.9,
    68.38,
    68.15
  ],
  "test_loss": [
    2.3069543815649354,
    2.1581127323662512,
    1.914957890876185,
    1.73422570388538,
    1.606151060936169,
    1.534605972683087,
    1.481930402140267,
    1.438914976371363,
    1.402648881030159,
    1.3782161201912755,
    1.3416055004817609,
    1.3099555405564964,
    1.2711946154935672,
    1.2463558013446796,
    1.2272066995739557,
    1.1958690597988164,
    1.1804927370418756,
    1.1602026450748262,
    1.137072124801124,
    1.1208705871630782,
    1.108515431515325,
    1.0979177831841733,
    1.0909185883717034,
    1.075768979784018,
    1.0644289607438036,
    1.0484920721084545,
    1.0358875178681395,
    1.028585327319063,
    1.020383800751866,
    1.0146749274799238,
    1.0043546149905878,
    0.9969145031021045,
    0.9932883204743505,
    0.9794795503631567,
    0.9780492635961539,
    0.9752156900140805,
    0.9686247093228105,
    0.9626255180127323,
    0.9623102364829554,
    0.9538169978335261,
    0.9519821984318498,
    0.9476911623637897,
    0.9452429634694475,
    0.9395677678691693,
    0.9292357588728396,
    0.928777053238104,
    0.9265004732547858,
    0.9222526037083647,
    0.9170760782762838,
    0.914222348041047,
    0.9207594061431031
  ],
  "heterogeneity_kl": [
    0.5898461469260075
  ],
  "class_imbalance": [
    0.11601136470454662
  ],
  "num_byzantine": [
    10
  ],
  "attack_type": [
    "sign_flipping"
  ]
}