{
  "rounds": [
    0,
    0,
    1,
    2,
    3,
    4,
    5,
    6,
    7,
    8,
    9,
    10,
    11,
    12,
    13,
    14,
    15,
    16,
    17,
    18,
    19,
    20,
    21,
    22,
    23,
    24,
    25,
    26,
    27,
    28,
    29,
    30,
    31,
    32,
    33,
    34,
    35,
    36,
    37,
    38,
    39,
    40,
    41,
    42,
    43,
    44,
    45,
    46,
    47,
    48,
    49,
    50
  ],
  "train_loss": [],
  "train_accuracy": [],
  "test_accuracy": [
    8.71,
    16.23,
    18.4,
    21.83,
    22.85,
    23.6,
    27.44,
    25.52,
    24.17,
    26.37,
    25.42,
    22.75,
    26.88,
    28.01,
    23.04,
    28.52,
    29.17,
    26.34,
    23.24,
    22.66,
    28.03,
    28.32,
    25.77,
    27.38,
    26.69,
    22.92,
    26.09,
    25.67,
    26.98,
    22.96,
    26.07,
    24.4,
    25.01,
    25.24,
    25.55,
    22.18,
    27.69,
    23.49,
    29.54,
    27.94,
    20.19,
    24.11,
    25.34,
    21.04,
    21.37,
    22.86,
    25.54,
    22.4,
    23.75,
    22.83,
    22.63
  ],
  "test_loss": [
    2.3101896637925705,
    3.0629716003283907,
    2.2849186411300026,
    2.2289833938732695,
    2.095918010218075,
    2.176524537439925,
    1.9237827515830628,
    1.983148400014201,
    2.1382782063164267,
    2.1323686979068355,
    2.019790947246856,
    2.0245079780919863,
    1.9053746111476764,
    1.912670196435703,
    2.119045516934258,
    1.9710026964211997,
    1.9342060409034023,
    1.9839332088494834,
    2.0347697517742365,
    2.163573702303365,
    1.9395199777980963,
    2.004759303677958,
    2.0236395551754645,
    1.9510599100551667,
    1.9501574306061473,
    2.003813360064936,
    1.9704999329563908,
    1.9618591599571058,
    1.9591071769452324,
    2.0228617621686893,
    2.0297124999018905,
    2.008593084713141,
    1.986372569879404,
    1.9813559748494207,
    1.9793018521592258,
    2.0280793749105435,
    1.943616166663246,
    2.06153744211593,
    1.901870734394549,
    2.010411263654788,
    2.064648024952069,
    2.004602770074107,
    2.080542025855555,
    2.0574973528377547,
    2.1031773692121902,
    2.1074420400320912,
    2.0093651366309997,
    2.0226443221393864,
    1.9787543387458728,
    2.083717552617716,
    2.0339653358672756
  ],
  "heterogeneity_kl": [
    0.5898461469260075
  ],
  "class_imbalance": [
    0.11601136470454662
  ],
  "num_byzantine": [
    10
  ],
  "attack_type": [
    "random_noise"
  ]
}