{
  "rounds": [
    0,
    0,
    1,
    2,
    3,
    4,
    5,
    6,
    7,
    8,
    9,
    10,
    11,
    12,
    13,
    14,
    15,
    16,
    17,
    18,
    19,
    20,
    21,
    22,
    23,
    24,
    25,
    26,
    27,
    28,
    29,
    30,
    31,
    32,
    33,
    34,
    35,
    36,
    37,
    38,
    39,
    40,
    41,
    42,
    43,
    44,
    45,
    46,
    47,
    48,
    49,
    50
  ],
  "train_loss": [],
  "train_accuracy": [],
  "test_accuracy": [
    11.42,
    32.22,
    42.68,
    46.6,
    49.19,
    51.67,
    53.97,
    56.15,
    57.94,
    59.39,
    60.4,
    61.83,
    62.55,
    63.67,
    64.1,
    65.2,
    65.92,
    66.55,
    67.11,
    67.59,
    67.74,
    68.62,
    69.22,
    69.48,
    69.85,
    70.03,
    70.3,
    70.85,
    71.09,
    71.25,
    71.62,
    71.77,
    71.71,
    72.17,
    72.5,
    72.35,
    72.62,
    73.02,
    73.28,
    73.25,
    73.34,
    73.51,
    73.71,
    73.69,
    73.79,
    74.14,
    74.46,
    74.23,
    74.54,
    74.51,
    74.4
  ],
  "test_loss": [
    2.305267438340111,
    2.0763302740578453,
    1.666407605710502,
    1.4920227740900205,
    1.407533201927575,
    1.3440288055819063,
    1.285945010451844,
    1.2258104451548177,
    1.17655982110447,
    1.133529281654297,
    1.1084899763329723,
    1.0680742109545505,
    1.0418048428651243,
    1.0233756033376382,
    1.0015914400164692,
    0.9783897180907642,
    0.9575537761179403,
    0.9455224961137619,
    0.9334622381594234,
    0.916340813183556,
    0.9100403068735957,
    0.8962282775499569,
    0.8804351135183828,
    0.8683000931534143,
    0.8617006710733468,
    0.8569602077951828,
    0.8481958650361997,
    0.8356132259764991,
    0.8276710390282896,
    0.8255951570245785,
    0.8180790373121207,
    0.8115180317586222,
    0.8123299282389327,
    0.7999325652663319,
    0.7968643593331115,
    0.7975006083520456,
    0.7877936790735958,
    0.7835957757390726,
    0.7741380739516724,
    0.7730566353653185,
    0.7687774943277097,
    0.7664202053706867,
    0.7599477125242495,
    0.760976615233924,
    0.7549929568371453,
    0.7473239417845449,
    0.7472673917349916,
    0.7463323188285096,
    0.7418148474761853,
    0.7392117603899191,
    0.7368431412183438
  ],
  "heterogeneity_kl": [
    0.5898461469260075
  ],
  "class_imbalance": [
    0.11601136470454662
  ],
  "num_byzantine": [
    10
  ],
  "attack_type": [
    "none"
  ]
}