{
  "rounds": [
    0,
    0,
    1,
    2,
    3,
    4,
    5,
    6,
    7,
    8,
    9,
    10,
    11,
    12,
    13,
    14,
    15,
    16,
    17,
    18,
    19,
    20
  ],
  "train_loss": [],
  "train_accuracy": [],
  "test_accuracy": [
    8.6,
    21.42,
    32.21,
    35.64,
    39.02,
    41.25,
    44.03,
    45.84,
    47.91,
    49.38,
    51.21,
    52.36,
    53.89,
    54.59,
    55.95,
    57.0,
    57.67,
    57.99,
    59.3,
    60.11,
    60.69
  ],
  "test_loss": [
    2.30501694191759,
    2.251254326238419,
    2.078630976783582,
    1.9151164655106516,
    1.795450658843921,
    1.6917977420666728,
    1.6089157947717003,
    1.5448479705725233,
    1.4952646661490296,
    1.4445338317761407,
    1.4000212632048243,
    1.3528287684955536,
    1.3157011459048944,
    1.2892251397474124,
    1.261943424662081,
    1.2301407125049506,
    1.2044543197360664,
    1.1868092002579198,
    1.1616852830012385,
    1.1360402461438894,
    1.1221883921577527
  ],
  "heterogeneity_kl": [
    1.3950486880500963
  ],
  "class_imbalance": [
    0.20253484894555873
  ]
}