{
  "rounds": [
    0,
    0,
    1,
    2,
    3,
    4,
    5,
    6,
    7,
    8,
    9,
    10,
    11,
    12,
    13,
    14,
    15,
    16,
    17,
    18,
    19,
    20
  ],
  "train_loss": [],
  "train_accuracy": [],
  "test_accuracy": [
    8.6,
    29.16,
    41.25,
    46.11,
    48.75,
    50.77,
    52.89,
    54.91,
    56.2,
    58.08,
    59.2,
    60.11,
    61.58,
    62.98,
    63.7,
    64.51,
    65.22,
    65.43,
    66.28,
    66.98,
    67.12
  ],
  "test_loss": [
    2.30501694191759,
    2.138305633593672,
    1.7277482222444334,
    1.5335966759977249,
    1.4322050345210602,
    1.365645598870116,
    1.300212269393019,
    1.2537848208658993,
    1.2047898131437575,
    1.1609940014708156,
    1.1312769491451617,
    1.0968788963156386,
    1.0612538117951098,
    1.0290748105643275,
    1.0091039923052438,
    0.9842667425402437,
    0.9654487405722134,
    0.9558417231511003,
    0.9375730968131044,
    0.9195889379269779,
    0.9139851570700686
  ],
  "heterogeneity_kl": [
    0.5898461469260075
  ],
  "class_imbalance": [
    0.11601136470454662
  ]
}