{
  "rounds": [
    0,
    0,
    1,
    2,
    3,
    4,
    5,
    6,
    7,
    8,
    9,
    10,
    11,
    12,
    13,
    14,
    15,
    16,
    17,
    18,
    19,
    20
  ],
  "train_loss": [],
  "train_accuracy": [],
  "test_accuracy": [
    8.6,
    31.98,
    43.36,
    47.44,
    49.69,
    52.32,
    55.02,
    56.93,
    58.84,
    60.11,
    61.87,
    62.98,
    64.24,
    65.2,
    65.77,
    66.82,
    67.2,
    67.76,
    68.5,
    69.04,
    69.56
  ],
  "test_loss": [
    2.30501694191759,
    2.072712998039806,
    1.665775839132242,
    1.489031752839256,
    1.410135552144279,
    1.3420199810887297,
    1.2668560882345936,
    1.2089176829249715,
    1.1767222247184657,
    1.1272280787507567,
    1.0916023437207498,
    1.0522577092289545,
    1.0164741858506736,
    0.9928135113975111,
    0.9737564091103527,
    0.9492063926050838,
    0.9313079368192166,
    0.912951725454757,
    0.8957807349320799,
    0.8826412485239986,
    0.8670110129319821
  ],
  "heterogeneity_kl": [
    0.3330350451797084
  ],
  "class_imbalance": [
    0.0831182520698999
  ]
}