{
  "rounds": [
    0,
    1,
    2,
    3,
    4,
    5,
    6,
    7,
    8,
    9,
    10,
    11,
    12,
    13,
    14,
    15,
    16,
    17,
    18,
    19,
    20,
    21,
    22,
    23,
    24,
    25,
    26,
    27,
    28,
    29,
    30,
    31,
    32,
    33,
    34,
    35,
    36,
    37,
    38,
    39,
    40,
    41,
    42,
    43,
    44,
    45,
    46,
    47,
    48,
    49,
    50
  ],
  "train_loss": [],
  "train_accuracy": [],
  "test_accuracy": [
    8.6,
    29.73,
    42.02,
    45.44,
    47.75,
    50.26,
    51.56,
    53.41,
    54.82,
    57.37,
    58.15,
    59.74,
    61.47,
    61.43,
    63.3,
    64.52,
    65.2,
    65.95,
    66.96,
    67.25,
    67.5,
    69.06,
    68.78,
    69.25,
    69.4,
    70.34,
    70.9,
    71.16,
    71.54,
    71.68,
    72.12,
    72.25,
    72.44,
    72.84,
    73.16,
    73.13,
    73.37,
    73.47,
    73.86,
    73.72,
    73.81,
    74.4,
    74.51,
    74.86,
    75.08,
    74.52,
    74.91,
    75.1,
    75.25,
    75.22,
    75.23
  ],
  "test_loss": [
    2.30501694191759,
    2.056445981366947,
    1.6586996412124877,
    1.5369601619129363,
    1.447839989829749,
    1.4001567447528291,
    1.342280913465701,
    1.2886639686819084,
    1.2449895175882042,
    1.214909324059471,
    1.175857622783405,
    1.1531675088519868,
    1.0961826689327105,
    1.0919661721863305,
    1.0449153162039126,
    1.0160485052833923,
    0.9928356868009598,
    0.9714531576671539,
    0.9513527577677474,
    0.9377799940566285,
    0.9304436020576916,
    0.9053349136925353,
    0.8935156144654027,
    0.8882821173713611,
    0.884071079972453,
    0.8704620515957427,
    0.8544142167217815,
    0.848241006890044,
    0.8428497033568617,
    0.831959325570268,
    0.8232548093072142,
    0.8150976911520424,
    0.8176951782581524,
    0.8057733086732249,
    0.7992738679575082,
    0.7945438811002067,
    0.7873579898771768,
    0.7864497162092227,
    0.7724251362462394,
    0.7768299078789002,
    0.7704496493164342,
    0.7640477364626936,
    0.7643449414081086,
    0.7545819352990903,
    0.754909265822115,
    0.7540297498718237,
    0.7495161054042963,
    0.7451371952843743,
    0.737517640232659,
    0.736799552703437,
    0.7352124098390816
  ]
}