{
  "rounds": [
    0,
    1,
    2,
    3,
    4,
    5,
    6,
    7,
    8,
    9,
    10,
    11,
    12,
    13,
    14,
    15,
    16,
    17,
    18,
    19,
    20,
    21,
    22,
    23,
    24,
    25,
    26,
    27,
    28,
    29,
    30,
    31,
    32,
    33,
    34,
    35,
    36,
    37,
    38,
    39,
    40,
    41,
    42,
    43,
    44,
    45,
    46,
    47,
    48,
    49,
    50
  ],
  "train_loss": [],
  "train_accuracy": [],
  "test_accuracy": [
    8.6,
    34.22,
    43.49,
    47.98,
    50.27,
    52.72,
    54.52,
    56.3,
    58.19,
    59.58,
    61.83,
    62.08,
    64.57,
    65.29,
    66.32,
    66.84,
    67.46,
    68.61,
    68.69,
    69.41,
    70.25,
    70.52,
    71.09,
    71.31,
    71.98,
    72.33,
    72.72,
    73.08,
    73.51,
    73.63,
    73.93,
    74.27,
    74.51,
    74.73,
    74.96,
    75.12,
    75.38,
    75.38,
    75.82,
    76.12,
    76.1,
    76.26,
    76.29,
    76.46,
    76.38,
    76.9,
    76.59,
    76.61,
    76.77,
    77.2,
    77.07
  ],
  "test_loss": [
    2.30501694191759,
    1.9106863748532135,
    1.6003963547392774,
    1.4560529667729387,
    1.393225079146437,
    1.3284957597430902,
    1.2764206941897116,
    1.2251575665352064,
    1.1765197803037235,
    1.143738421769188,
    1.0905806108023792,
    1.0742837748588465,
    1.0247473992859593,
    0.991555456917126,
    0.9692036869426885,
    0.9462919133349349,
    0.923401688424924,
    0.9002732208932931,
    0.8915467425085866,
    0.8758628614032611,
    0.8586063501172172,
    0.8471593363597371,
    0.8366976129932525,
    0.833455966589169,
    0.820899429983986,
    0.8093290455615558,
    0.7943053117956216,
    0.7869165549263025,
    0.7785269320011139,
    0.7754639353805457,
    0.770369796326366,
    0.7611071204605956,
    0.7516990873379449,
    0.7473662343268959,
    0.7432500269656745,
    0.7408553494241672,
    0.7351842568324397,
    0.7276117518401375,
    0.7212324810865969,
    0.7173464582941402,
    0.7131363372928419,
    0.706889385375352,
    0.7062996326924894,
    0.7007025651181468,
    0.698869029173074,
    0.6934007488119717,
    0.6887538876777259,
    0.6888727172971153,
    0.6835027627480297,
    0.679372069268181,
    0.6776494052939521
  ]
}