{
  "rounds": [
    0,
    1,
    2,
    3,
    4,
    5,
    6,
    7,
    8,
    9,
    10,
    11,
    12,
    13,
    14,
    15,
    16,
    17,
    18,
    19,
    20,
    21,
    22,
    23,
    24,
    25,
    26,
    27,
    28,
    29,
    30,
    31,
    32,
    33,
    34,
    35,
    36,
    37,
    38,
    39,
    40,
    41,
    42,
    43,
    44,
    45,
    46,
    47,
    48,
    49,
    50
  ],
  "train_loss": [],
  "train_accuracy": [],
  "test_accuracy": [
    8.6,
    34.05,
    43.65,
    47.72,
    50.38,
    53.13,
    55.32,
    57.48,
    59.45,
    60.99,
    62.19,
    63.8,
    64.89,
    65.05,
    66.46,
    67.32,
    68.14,
    68.62,
    69.33,
    69.82,
    70.4,
    70.93,
    71.43,
    72.23,
    72.59,
    73.03,
    73.07,
    73.5,
    73.81,
    74.12,
    74.4,
    74.66,
    74.49,
    74.9,
    75.31,
    75.24,
    75.73,
    75.59,
    76.09,
    76.05,
    76.3,
    76.35,
    76.61,
    76.68,
    76.71,
    76.63,
    76.7,
    77.11,
    77.09,
    76.96,
    77.17
  ],
  "test_loss": [
    2.30501694191759,
    1.9343326251727704,
    1.5991572274948462,
    1.4680471633569883,
    1.3895144557800536,
    1.3239234727792466,
    1.264485298635099,
    1.2091813792055026,
    1.152355639127116,
    1.117541057804522,
    1.075499859480812,
    1.0369909000092041,
    1.0056556882187961,
    0.9904673522272811,
    0.9597472471360582,
    0.9269796545132281,
    0.9107126628819365,
    0.89213760325703,
    0.88489246682618,
    0.8656655038698032,
    0.8558838328423972,
    0.8409533608264436,
    0.8333979023340792,
    0.8175113463934999,
    0.8080837938922663,
    0.8032141519240297,
    0.7901340770645263,
    0.7812105111611156,
    0.7770352345495559,
    0.7666077785217724,
    0.7565990198915378,
    0.7546342992173216,
    0.7465193125005728,
    0.7431806416366808,
    0.7321590134701409,
    0.7283030926419524,
    0.7262621007788296,
    0.7239402672543693,
    0.7176641178207276,
    0.712749908478877,
    0.707403436065101,
    0.7019059033439563,
    0.6983108351977108,
    0.6959569017155863,
    0.6928323536349562,
    0.6915330549303335,
    0.6887609447343662,
    0.6809206611622637,
    0.6805174371685845,
    0.6798749037634451,
    0.6756337478804512
  ]
}