{
  "rounds": [
    0,
    1,
    2,
    3,
    4,
    5,
    6,
    7,
    8,
    9,
    10,
    11,
    12,
    13,
    14,
    15,
    16,
    17,
    18,
    19,
    20,
    21,
    22,
    23,
    24,
    25,
    26,
    27,
    28,
    29,
    30,
    31,
    32,
    33,
    34,
    35,
    36,
    37,
    38,
    39,
    40,
    41,
    42,
    43,
    44,
    45,
    46,
    47,
    48,
    49,
    50
  ],
  "train_loss": [],
  "train_accuracy": [],
  "test_accuracy": [
    8.6,
    31.56,
    42.4,
    46.55,
    49.82,
    51.22,
    53.41,
    55.38,
    57.42,
    58.71,
    60.71,
    62.18,
    63.21,
    64.5,
    65.55,
    66.06,
    66.96,
    67.95,
    68.23,
    68.88,
    69.44,
    69.82,
    70.12,
    70.54,
    70.7,
    70.64,
    71.65,
    71.68,
    72.11,
    72.2,
    72.91,
    72.96,
    73.26,
    73.61,
    73.44,
    73.9,
    74.01,
    74.05,
    74.21,
    74.42,
    74.42,
    74.51,
    74.86,
    74.92,
    74.84,
    75.16,
    75.28,
    75.23,
    75.63,
    75.5,
    75.9
  ],
  "test_loss": [
    2.30501694191759,
    2.0148539257506592,
    1.650196736993881,
    1.513304200416175,
    1.4286384830078758,
    1.3556714728236579,
    1.3083909256770587,
    1.249621160875875,
    1.2093896789672656,
    1.1669910268280834,
    1.1207777336001776,
    1.0931406485767792,
    1.052030107274223,
    1.0318607295663973,
    1.0016307720361046,
    0.9754016138494205,
    0.9536771525780614,
    0.9336189892345343,
    0.9167529542606098,
    0.9053725015621977,
    0.886651432837922,
    0.878294615414196,
    0.8659420791335,
    0.8548498597388832,
    0.8470296877832078,
    0.8440086834918196,
    0.8300555291267249,
    0.8207944291658675,
    0.8155569985461312,
    0.8052462725022349,
    0.7949910625672569,
    0.7913750593845075,
    0.7863141830546406,
    0.778174031656771,
    0.7775293922843263,
    0.7652975482681689,
    0.7612380981445312,
    0.7580011002362346,
    0.7519814981439243,
    0.7480421802296806,
    0.7466355561257932,
    0.7400393969715594,
    0.7354669578540058,
    0.7306618210606681,
    0.7309585647841993,
    0.7217193785757302,
    0.718988936930038,
    0.719838044371087,
    0.7127514315394167,
    0.7132528838448631,
    0.7070322712770285
  ]
}