{
  "rounds": [
    0,
    1,
    2,
    3,
    4,
    5,
    6,
    7,
    8,
    9,
    10,
    11,
    12,
    13,
    14,
    15,
    16,
    17,
    18,
    19,
    20,
    21,
    22,
    23,
    24,
    25,
    26,
    27,
    28,
    29,
    30,
    31,
    32,
    33,
    34,
    35,
    36,
    37,
    38,
    39,
    40,
    41,
    42,
    43,
    44,
    45,
    46,
    47,
    48,
    49,
    50
  ],
  "train_loss": [],
  "train_accuracy": [],
  "test_accuracy": [
    8.6,
    35.79,
    44.4,
    48.76,
    51.81,
    54.09,
    56.2,
    58.45,
    60.57,
    62.19,
    63.6,
    64.35,
    65.47,
    66.45,
    67.45,
    68.2,
    68.99,
    69.71,
    70.11,
    70.83,
    71.19,
    71.62,
    72.12,
    72.38,
    73.02,
    73.49,
    73.75,
    73.78,
    74.12,
    74.33,
    74.66,
    74.67,
    74.76,
    75.01,
    75.15,
    75.09,
    75.11,
    75.59,
    75.86,
    76.09,
    76.14,
    76.51,
    76.3,
    76.6,
    76.66,
    76.74,
    77.04,
    77.13,
    77.08,
    77.29,
    77.47
  ],
  "test_loss": [
    2.30501694191759,
    1.9706353680394328,
    1.5942669478468239,
    1.4466517664753973,
    1.3642260295133621,
    1.2939061825267804,
    1.231173711843765,
    1.1794546880661108,
    1.1255924819757381,
    1.0800654274967914,
    1.0410251920215619,
    1.0099938433772078,
    0.9832298925128607,
    0.9622154527198011,
    0.9288162977550738,
    0.9127475246072958,
    0.8949495074086296,
    0.8774678193913481,
    0.8677395387008168,
    0.8496941435641755,
    0.8335602044487913,
    0.8233564255146173,
    0.8166263823311168,
    0.8097686169627375,
    0.7954866621440972,
    0.7889520557353291,
    0.7804654806185836,
    0.7756495422448594,
    0.7691754053195063,
    0.7579098021070035,
    0.7518508993208218,
    0.7494812625856064,
    0.7448321957938587,
    0.7384110668215889,
    0.7319785871635229,
    0.7293352073373885,
    0.7320756672289425,
    0.7166398876962571,
    0.7157041743730965,
    0.7090805101508911,
    0.7014112950513919,
    0.6997163529974965,
    0.6985203230533356,
    0.6953906429270966,
    0.6922250787099711,
    0.6868838360324835,
    0.6830986781527821,
    0.6802215360033627,
    0.6771060619205712,
    0.6737998716842634,
    0.6701385977740486
  ]
}