{
  "rounds": [
    0,
    1,
    2,
    3,
    4,
    5,
    6,
    7,
    8,
    9,
    10,
    11,
    12,
    13,
    14,
    15,
    16,
    17,
    18,
    19,
    20,
    21,
    22,
    23,
    24,
    25,
    26,
    27,
    28,
    29,
    30,
    31,
    32,
    33,
    34,
    35,
    36,
    37,
    38,
    39,
    40,
    41,
    42,
    43,
    44,
    45,
    46,
    47,
    48,
    49,
    50
  ],
  "train_loss": [],
  "train_accuracy": [],
  "test_accuracy": [
    8.6,
    37.95,
    46.76,
    50.97,
    53.94,
    57.02,
    59.26,
    61.49,
    63.45,
    65.24,
    66.2,
    67.37,
    66.85,
    69.14,
    69.78,
    70.68,
    71.21,
    71.77,
    72.05,
    72.5,
    73.2,
    73.11,
    73.6,
    74.07,
    74.36,
    74.68,
    74.67,
    75.26,
    75.57,
    75.46,
    75.96,
    75.73,
    76.17,
    76.27,
    75.87,
    76.37,
    76.58,
    76.51,
    76.66,
    76.82,
    76.48,
    76.88,
    77.31,
    77.23,
    77.6,
    77.48,
    77.62,
    77.79,
    77.72,
    78.06,
    77.68
  ],
  "test_loss": [
    2.30501694191759,
    1.943920276035516,
    1.5271337295111758,
    1.3862721299211058,
    1.2975765866593432,
    1.215704212935207,
    1.1543397579711085,
    1.0924239465222954,
    1.0436701285191619,
    0.9987245753359871,
    0.9642698097343262,
    0.9370899264233562,
    0.953150156206978,
    0.8949231868163465,
    0.8718344423527153,
    0.8544442868842104,
    0.8373439614765179,
    0.8242971383915922,
    0.8125398312323391,
    0.8027214579307995,
    0.7911655811456065,
    0.7839437159486472,
    0.7732748868175969,
    0.7598136139753908,
    0.7550946762577032,
    0.7483397982181451,
    0.7387720245522813,
    0.7323175327846417,
    0.7278744831633644,
    0.7189273337205759,
    0.7128750765666413,
    0.7133393321936123,
    0.7070521198141689,
    0.7029247650513634,
    0.7059474969252991,
    0.693295269585646,
    0.6855418283623248,
    0.6856530391560576,
    0.6808311374614033,
    0.6743725586337403,
    0.6847267546497595,
    0.6715505338800601,
    0.6687236670583201,
    0.6662790077372481,
    0.6602520387584028,
    0.6613817705799596,
    0.6577868275463391,
    0.6553451864007181,
    0.6557747521720374,
    0.6516776569068622,
    0.651654130496537
  ]
}