{
  "rounds": [
    0,
    1,
    2,
    3,
    4,
    5,
    6,
    7,
    8,
    9,
    10,
    11,
    12,
    13,
    14,
    15,
    16,
    17,
    18,
    19,
    20
  ],
  "train_loss": [],
  "train_accuracy": [],
  "test_accuracy": [
    8.6,
    35.13,
    43.53,
    48.25,
    51.01,
    53.1,
    55.3,
    57.37,
    59.26,
    60.81,
    62.25,
    63.69,
    64.89,
    65.96,
    66.59,
    67.26,
    68.45,
    68.74,
    69.48,
    69.94,
    70.75
  ],
  "test_loss": [
    2.30501694191759,
    1.9480467924294762,
    1.602481405955915,
    1.4654143843026206,
    1.3814819502754334,
    1.3146633637218048,
    1.2603685600689043,
    1.2052162127753796,
    1.1503249366824237,
    1.1111381680439836,
    1.0697603117162808,
    1.0367270647146452,
    1.0052678952582728,
    0.9716913719146777,
    0.9493262981073544,
    0.9304936322541283,
    0.9090223210497786,
    0.8957050376045056,
    0.8792990522262768,
    0.8625209159173143,
    0.8484950234143498
  ]
}