{
  "rounds": [
    0,
    1,
    2,
    3,
    4,
    5,
    6,
    7,
    8,
    9,
    10,
    11,
    12,
    13,
    14,
    15,
    16,
    17,
    18,
    19,
    20
  ],
  "train_loss": [],
  "train_accuracy": [],
  "test_accuracy": [
    8.6,
    47.56,
    59.73,
    65.33,
    68.87,
    71.16,
    71.84,
    73.78,
    74.4,
    75.33,
    75.77,
    76.47,
    76.85,
    77.13,
    77.5,
    77.75,
    77.86,
    78.09,
    78.35,
    78.82,
    78.84
  ],
  "test_loss": [
    2.30501694191759,
    1.6880422152650243,
    1.1665779028456813,
    0.9992450734677787,
    0.9003470591462839,
    0.8482970976220152,
    0.8081141051392966,
    0.7746375109821844,
    0.7451170442965084,
    0.7323238719195223,
    0.7119142447416775,
    0.6940156793632446,
    0.6909745963998496,
    0.6731565799385595,
    0.6634339760191524,
    0.6589336954176236,
    0.6517432927133177,
    0.6448625474692152,
    0.6337938087816817,
    0.6270489297545375,
    0.6254026047623577
  ]
}