{
  "rounds": [
    0,
    1,
    2,
    3,
    4,
    5,
    6,
    7,
    8,
    9,
    10,
    11,
    12,
    13,
    14,
    15,
    16,
    17,
    18,
    19,
    20
  ],
  "train_loss": [],
  "train_accuracy": [],
  "test_accuracy": [
    8.6,
    34.16,
    44.36,
    48.07,
    51.33,
    53.86,
    56.02,
    58.16,
    60.09,
    61.92,
    63.22,
    64.02,
    65.6,
    66.35,
    67.33,
    67.95,
    69.0,
    69.23,
    69.92,
    70.47,
    70.97
  ],
  "test_loss": [
    2.30501694191759,
    1.9872786739763741,
    1.5932624945625329,
    1.4536916699272375,
    1.3629316405747265,
    1.2993198793155316,
    1.23739925969523,
    1.1785389015468926,
    1.1271664526896736,
    1.0833809036797228,
    1.0508365775830448,
    1.0190032469197965,
    0.9819973354903273,
    0.9585053989300713,
    0.9366890395792148,
    0.9177097489658635,
    0.8937104244392139,
    0.8826673623091116,
    0.8670069807634567,
    0.85302221308501,
    0.8387850918137608
  ]
}