{
  "rounds": [
    0,
    1,
    2,
    3,
    4,
    5,
    6,
    7,
    8,
    9,
    10,
    11,
    12,
    13,
    14,
    15,
    16,
    17,
    18,
    19,
    20
  ],
  "train_loss": [],
  "train_accuracy": [],
  "test_accuracy": [
    8.6,
    37.65,
    48.45,
    52.77,
    56.52,
    60.32,
    63.0,
    64.7,
    66.62,
    67.92,
    69.15,
    70.29,
    71.05,
    71.67,
    72.3,
    73.0,
    73.45,
    73.68,
    74.16,
    74.49,
    75.02
  ],
  "test_loss": [
    2.30501694191759,
    1.9526976289840552,
    1.465785947089759,
    1.327836106379573,
    1.2270932075695489,
    1.1395807237670825,
    1.0664582616224076,
    1.0214167123023694,
    0.9621470243024369,
    0.9229939915120792,
    0.8985129551003916,
    0.8698285144929307,
    0.8434547248739785,
    0.8321196420695454,
    0.809876186874347,
    0.7936826603481183,
    0.7799339213500769,
    0.7654448178248664,
    0.7572116258616646,
    0.74988615627106,
    0.7378513049393797
  ]
}