{
  "rounds": [
    0,
    1,
    2,
    3,
    4,
    5,
    6,
    7,
    8,
    9,
    10,
    11,
    12,
    13,
    14,
    15,
    16,
    17,
    18,
    19,
    20
  ],
  "train_loss": [],
  "train_accuracy": [],
  "test_accuracy": [
    8.6,
    34.8,
    44.21,
    47.98,
    51.03,
    53.25,
    55.46,
    57.57,
    59.45,
    60.95,
    62.73,
    64.02,
    64.93,
    65.82,
    66.7,
    67.27,
    67.93,
    68.89,
    69.61,
    70.14,
    70.44
  ],
  "test_loss": [
    2.30501694191759,
    1.9391583337570533,
    1.5915090908257725,
    1.4672693265512728,
    1.3773098045263807,
    1.3175915831955858,
    1.2592298641753272,
    1.204439487701026,
    1.1560003262358352,
    1.1090705135759835,
    1.0729384768885164,
    1.0331315687670113,
    1.0024286786588237,
    0.9721743275944036,
    0.9522088456648988,
    0.9313129917882121,
    0.9110519834600699,
    0.8946630418681489,
    0.8791096113360347,
    0.8638243154405405,
    0.8548786888678614
  ]
}