{
  "rounds": [
    0,
    1,
    2,
    3,
    4,
    5,
    6,
    7,
    8,
    9,
    10,
    11,
    12,
    13,
    14,
    15,
    16,
    17,
    18,
    19,
    20
  ],
  "train_loss": [],
  "train_accuracy": [],
  "test_accuracy": [
    8.6,
    42.51,
    49.67,
    54.25,
    58.5,
    61.82,
    64.31,
    65.99,
    67.41,
    69.03,
    70.07,
    70.88,
    71.95,
    72.57,
    73.33,
    73.71,
    74.32,
    74.68,
    74.94,
    74.96,
    75.69
  ],
  "test_loss": [
    2.30501694191759,
    1.8003567685715307,
    1.4263386890149345,
    1.2970408962938351,
    1.1832145661972582,
    1.0976584871736959,
    1.0250880562078457,
    0.9732838722463614,
    0.930555992613966,
    0.8964966276583199,
    0.8631926403639797,
    0.8440081599040534,
    0.8211673391512788,
    0.8022610826042894,
    0.7833342902576581,
    0.7724389831859845,
    0.7550433238093465,
    0.7452529235579335,
    0.7349767136497619,
    0.7269424983678153,
    0.7141545170221847
  ]
}