{
  "rounds": [
    0,
    1,
    2,
    3,
    4,
    5,
    6,
    7,
    8,
    9,
    10,
    11,
    12,
    13,
    14,
    15,
    16,
    17,
    18,
    19,
    20
  ],
  "train_loss": [],
  "train_accuracy": [],
  "test_accuracy": [
    8.6,
    43.0,
    49.75,
    54.36,
    58.46,
    62.04,
    64.71,
    66.41,
    67.92,
    69.54,
    70.35,
    71.05,
    72.03,
    72.89,
    73.26,
    73.73,
    74.18,
    74.87,
    74.86,
    75.49,
    75.58
  ],
  "test_loss": [
    2.30501694191759,
    1.806767176515378,
    1.4198460289464592,
    1.2885055353466315,
    1.1836569895759559,
    1.086456824224978,
    1.019211540587794,
    0.9655090762784306,
    0.9309089522773084,
    0.8866403276166215,
    0.8656096823108844,
    0.839715843859572,
    0.8201285487356277,
    0.8021565361525684,
    0.7863569294873137,
    0.7700553524037139,
    0.7624688277038904,
    0.7521947120515683,
    0.7418025197883764,
    0.7321702076223331,
    0.7207459012349955
  ]
}