{
  "rounds": [
    0,
    1,
    2,
    3,
    4,
    5,
    6,
    7,
    8,
    9,
    10,
    11,
    12,
    13,
    14,
    15,
    16,
    17,
    18,
    19,
    20
  ],
  "train_loss": [],
  "train_accuracy": [],
  "test_accuracy": [
    8.6,
    28.8,
    41.52,
    45.29,
    48.38,
    50.73,
    52.68,
    54.51,
    56.03,
    57.72,
    59.34,
    60.54,
    61.75,
    62.93,
    63.93,
    64.97,
    65.84,
    66.89,
    67.14,
    67.72,
    68.27
  ],
  "test_loss": [
    2.30501694191759,
    2.076698871085438,
    1.6976335341938007,
    1.5435989276288797,
    1.4495576029768387,
    1.3913619832489819,
    1.3294125656350353,
    1.2785205220262084,
    1.2372349715842226,
    1.198455300194006,
    1.1547958113895818,
    1.1233457561118154,
    1.0889957764278204,
    1.0586636108331406,
    1.0358798435320868,
    1.0057011654201788,
    0.9854834944295426,
    0.9638955977778084,
    0.9456192058877061,
    0.9313106840601364,
    0.9170738940421765
  ]
}