{
  "rounds": [
    0,
    1,
    2,
    3,
    4,
    5,
    6,
    7,
    8,
    9,
    10,
    11,
    12,
    13,
    14,
    15,
    16,
    17,
    18,
    19,
    20
  ],
  "train_loss": [],
  "train_accuracy": [],
  "test_accuracy": [
    8.6,
    37.72,
    46.58,
    51.04,
    54.01,
    56.83,
    59.27,
    61.86,
    63.58,
    64.96,
    66.35,
    67.28,
    68.29,
    69.13,
    70.05,
    70.09,
    71.38,
    71.38,
    71.95,
    72.53,
    72.98
  ],
  "test_loss": [
    2.30501694191759,
    1.9236446957999525,
    1.5346909689065367,
    1.4049354418398092,
    1.3121493167389695,
    1.2320112732652657,
    1.149683210225151,
    1.092922791314963,
    1.0455309590592552,
    0.9996477710172391,
    0.9623708476464208,
    0.936598929924706,
    0.9163908378575176,
    0.8897299404723195,
    0.8715349047328718,
    0.857894950305311,
    0.8404391625057013,
    0.8283582095520946,
    0.814045289644418,
    0.8040677266189465,
    0.7947086026302923
  ]
}