{
  "rounds": [
    0,
    1,
    2,
    3,
    4,
    5,
    6,
    7,
    8,
    9,
    10,
    11,
    12,
    13,
    14,
    15,
    16,
    17,
    18,
    19,
    20
  ],
  "train_loss": [],
  "train_accuracy": [],
  "test_accuracy": [
    8.6,
    47.29,
    59.73,
    65.8,
    68.9,
    71.02,
    72.4,
    73.43,
    74.45,
    75.22,
    75.53,
    76.31,
    76.7,
    76.95,
    76.97,
    77.54,
    77.71,
    78.03,
    78.08,
    77.7,
    78.47
  ],
  "test_loss": [
    2.30501694191759,
    1.6705245030954623,
    1.1613456831572535,
    0.9887332438280027,
    0.9078229659091169,
    0.8528508802001088,
    0.8094234643652797,
    0.785209067427693,
    0.7488217667078438,
    0.7315098037734961,
    0.7181742052300669,
    0.7049431989368159,
    0.6911347751228955,
    0.6824153820261026,
    0.673697402159246,
    0.6582876477188195,
    0.6578181385993958,
    0.6435153755231406,
    0.6420026345850941,
    0.6431812731602702,
    0.6286092466725328
  ]
}