{
  "rounds": [
    0,
    1,
    2,
    3,
    4,
    5,
    6,
    7,
    8,
    9,
    10,
    11,
    12,
    13,
    14,
    15,
    16,
    17,
    18,
    19,
    20
  ],
  "train_loss": [],
  "train_accuracy": [],
  "test_accuracy": [
    8.6,
    43.28,
    58.54,
    64.61,
    67.62,
    70.02,
    72.13,
    73.01,
    73.92,
    74.83,
    74.94,
    75.65,
    75.82,
    76.48,
    77.0,
    76.95,
    77.17,
    77.65,
    77.7,
    78.35,
    78.54
  ],
  "test_loss": [
    2.30501694191759,
    1.8008819391933113,
    1.1987494639695262,
    1.0343504626149187,
    0.9447293626233793,
    0.874137165923469,
    0.8303867061488545,
    0.8012592811554003,
    0.7699121833799746,
    0.7459693820522235,
    0.7371444600268294,
    0.7146951538114883,
    0.7055327397185012,
    0.6932043011386555,
    0.6822497347197213,
    0.6729592600950418,
    0.6749305682726943,
    0.6554655168479243,
    0.6565777142874349,
    0.6434718970292673,
    0.6382411323225917
  ]
}