{
  "rounds": [
    0,
    1,
    2,
    3,
    4,
    5,
    6,
    7,
    8,
    9,
    10,
    11,
    12,
    13,
    14,
    15,
    16,
    17,
    18,
    19,
    20
  ],
  "train_loss": [],
  "train_accuracy": [],
  "test_accuracy": [
    8.6,
    31.89,
    42.66,
    46.13,
    48.89,
    51.63,
    53.41,
    55.61,
    57.56,
    58.95,
    60.69,
    61.93,
    63.16,
    64.05,
    65.22,
    66.29,
    67.1,
    67.64,
    68.23,
    69.06,
    69.16
  ],
  "test_loss": [
    2.30501694191759,
    2.0406841412900736,
    1.654705315352248,
    1.5053591949109453,
    1.4305219120872668,
    1.3577260241721765,
    1.3077202509767332,
    1.2571839120822212,
    1.2049013463833842,
    1.1626185449167563,
    1.1223061452277552,
    1.087136031911015,
    1.058041211705619,
    1.021668577346558,
    0.993301880816682,
    0.9736254978865481,
    0.9493977442717019,
    0.9288158997560081,
    0.9181067682683658,
    0.8953875874558958,
    0.8864123470867022
  ]
}