{
  "dataset": "mnist",
  "strategy": "fedavg",
  "condition": "iid_equal",
  "seed": 1011,
  "num_clients": 50,
  "num_rounds": 50,
  "local_epochs": 1,
  "test_accuracy": [
    9.8,
    81.77,
    89.31,
    93.04,
    94.38,
    95.12,
    95.84,
    96.23,
    96.65,
    96.92,
    97.22,
    97.41,
    97.48,
    97.68,
    97.74,
    97.8,
    97.99,
    98.08,
    98.15,
    98.23,
    98.3,
    98.3,
    98.34,
    98.41,
    98.49,
    98.37,
    98.52,
    98.57,
    98.53,
    98.56,
    98.58,
    98.71,
    98.72,
    98.77,
    98.76,
    98.71,
    98.86,
    98.77,
    98.72,
    98.72,
    98.82,
    98.87,
    98.88,
    98.88,
    98.9,
    98.93,
    98.93,
    98.93,
    98.93,
    98.97,
    98.96
  ],
  "test_loss": [
    2.2979557796027335,
    0.6469464133532283,
    0.39212779760265504,
    0.2552187230330877,
    0.19751914212712274,
    0.16187161329937294,
    0.13908107972409303,
    0.12201032248554758,
    0.10778244941037136,
    0.09945564100127548,
    0.09006429758568565,
    0.08397308870508059,
    0.07843774213707044,
    0.07313230068228704,
    0.06907276640431925,
    0.06610156874880552,
    0.06292616622382999,
    0.05960862446719924,
    0.05723200080571875,
    0.054453207428495326,
    0.052531766743059254,
    0.051151834556906556,
    0.04957883077375695,
    0.047517686476480005,
    0.0467121876052249,
    0.04607371895439393,
    0.045060559423291124,
    0.04392041829965128,
    0.04210953041832089,
    0.04141941784522418,
    0.04058893709670389,
    0.04004721799736118,
    0.03874015840011589,
    0.03780129669336113,
    0.03821273164248269,
    0.036482745591308284,
    0.03583922673782691,
    0.035556093004507794,
    0.03476477540812011,
    0.03467478603726687,
    0.0333928021455256,
    0.032979793907104586,
    0.03309374510809865,
    0.03221843262118097,
    0.03216944199385571,
    0.03166416617161954,
    0.03155898546263201,
    0.031226046203051045,
    0.030416195736399268,
    0.029890115000112294,
    0.029899376414909137
  ],
  "client_sizes": [
    1200,
    1200,
    1200,
    1200,
    1200,
    1200,
    1200,
    1200,
    1200,
    1200,
    1200,
    1200,
    1200,
    1200,
    1200,
    1200,
    1200,
    1200,
    1200,
    1200,
    1200,
    1200,
    1200,
    1200,
    1200,
    1200,
    1200,
    1200,
    1200,
    1200,
    1200,
    1200,
    1200,
    1200,
    1200,
    1200,
    1200,
    1200,
    1200,
    1200,
    1200,
    1200,
    1200,
    1200,
    1200,
    1200,
    1200,
    1200,
    1200,
    1200
  ],
  "total_time_seconds": 473.69419860839844,
  "final_accuracy": 98.96,
  "final_loss": 0.029899376414909137,
  "best_accuracy": 98.97
}