{
  "dataset": "mnist",
  "strategy": "fedavg",
  "condition": "iid_equal",
  "seed": 42,
  "num_clients": 50,
  "num_rounds": 50,
  "local_epochs": 1,
  "test_accuracy": [
    12.15,
    80.45,
    89.07,
    92.82,
    94.35,
    95.22,
    95.72,
    96.26,
    96.45,
    96.87,
    97.11,
    97.32,
    97.56,
    97.6,
    97.71,
    97.85,
    97.9,
    97.95,
    98.05,
    98.15,
    98.2,
    98.27,
    98.37,
    98.35,
    98.41,
    98.45,
    98.47,
    98.5,
    98.56,
    98.6,
    98.56,
    98.63,
    98.65,
    98.67,
    98.67,
    98.69,
    98.76,
    98.75,
    98.78,
    98.77,
    98.8,
    98.86,
    98.85,
    98.9,
    98.95,
    98.9,
    98.92,
    98.96,
    98.95,
    98.95,
    98.96
  ],
  "test_loss": [
    2.3024746861320713,
    0.6757623720854616,
    0.41785305498031,
    0.26430659923262106,
    0.2000229809099969,
    0.16151576893576702,
    0.137119346401675,
    0.1216168833551363,
    0.1100581294426266,
    0.09865682458054251,
    0.09155755549945985,
    0.08590137375631747,
    0.0799829881815329,
    0.0737552358809793,
    0.0704427787203925,
    0.06670232444115283,
    0.06312146034915916,
    0.06133070587116954,
    0.05749591642796559,
    0.056453618613468225,
    0.05403158445007573,
    0.05165911296165151,
    0.05046359038061519,
    0.04818420554938973,
    0.04709881140778701,
    0.04556865601067858,
    0.044946462819304395,
    0.043728347493817446,
    0.04285975597280813,
    0.0423366448188966,
    0.040257450465282896,
    0.039956712873309284,
    0.03964961282473289,
    0.03833997448762271,
    0.03746523456501078,
    0.03796601295722247,
    0.03612774307602465,
    0.035455684972446805,
    0.03503569530631574,
    0.03478956520828683,
    0.03380954978617407,
    0.03358142559991044,
    0.03303147124458923,
    0.03241741465682046,
    0.03172984337338051,
    0.03195065954524746,
    0.03176765186379288,
    0.03094244775035569,
    0.030466615306050545,
    0.03033495213138451,
    0.029899548388769178
  ],
  "client_sizes": [
    1200,
    1200,
    1200,
    1200,
    1200,
    1200,
    1200,
    1200,
    1200,
    1200,
    1200,
    1200,
    1200,
    1200,
    1200,
    1200,
    1200,
    1200,
    1200,
    1200,
    1200,
    1200,
    1200,
    1200,
    1200,
    1200,
    1200,
    1200,
    1200,
    1200,
    1200,
    1200,
    1200,
    1200,
    1200,
    1200,
    1200,
    1200,
    1200,
    1200,
    1200,
    1200,
    1200,
    1200,
    1200,
    1200,
    1200,
    1200,
    1200,
    1200
  ],
  "total_time_seconds": 467.47178316116333,
  "final_accuracy": 98.96,
  "final_loss": 0.029899548388769178,
  "best_accuracy": 98.96
}