{
  "dataset": "mnist",
  "strategy": "fedavg",
  "condition": "iid_equal",
  "seed": 456,
  "num_clients": 50,
  "num_rounds": 50,
  "local_epochs": 1,
  "test_accuracy": [
    9.48,
    82.9,
    91.3,
    93.9,
    95.11,
    96.08,
    96.5,
    96.82,
    97.04,
    97.34,
    97.52,
    97.66,
    97.65,
    97.9,
    98.0,
    98.08,
    98.19,
    98.21,
    98.33,
    98.31,
    98.43,
    98.48,
    98.39,
    98.5,
    98.56,
    98.58,
    98.65,
    98.67,
    98.66,
    98.68,
    98.7,
    98.7,
    98.73,
    98.78,
    98.82,
    98.8,
    98.85,
    98.81,
    98.86,
    98.9,
    98.89,
    98.93,
    98.92,
    98.92,
    98.96,
    98.96,
    98.95,
    99.01,
    99.03,
    98.99,
    99.03
  ],
  "test_loss": [
    2.3023783238931967,
    0.6718875844828999,
    0.34052056071762077,
    0.218725133871737,
    0.16695632826917753,
    0.13460960899577878,
    0.11502742224533599,
    0.10492059631948583,
    0.09529142919183968,
    0.08432976909676573,
    0.07907975511625409,
    0.07426576703986207,
    0.07046188052130727,
    0.06486979894453106,
    0.061659033270311,
    0.05903053186616649,
    0.056673000494878105,
    0.05484043521099551,
    0.05280146926671963,
    0.05153802539944982,
    0.048811193194166685,
    0.047503884672614995,
    0.04777615150269761,
    0.046023806266811344,
    0.044597271422901305,
    0.04345672564718094,
    0.041610002548593955,
    0.040621659493201394,
    0.04037184905198595,
    0.03903179211704173,
    0.037853434261002655,
    0.0376478798113099,
    0.03699683105882135,
    0.03600799265709451,
    0.03537242010335,
    0.03476279182073652,
    0.03437302978876013,
    0.034162906733771654,
    0.03347216519992194,
    0.033520498909835855,
    0.03262274728814763,
    0.03223211984417207,
    0.03305832546453013,
    0.03167782086615779,
    0.03147292813269588,
    0.030582620078406668,
    0.031522867668608553,
    0.030876038609400427,
    0.029679725535011754,
    0.02987291065251636,
    0.029491831369948825
  ],
  "client_sizes": [
    1200,
    1200,
    1200,
    1200,
    1200,
    1200,
    1200,
    1200,
    1200,
    1200,
    1200,
    1200,
    1200,
    1200,
    1200,
    1200,
    1200,
    1200,
    1200,
    1200,
    1200,
    1200,
    1200,
    1200,
    1200,
    1200,
    1200,
    1200,
    1200,
    1200,
    1200,
    1200,
    1200,
    1200,
    1200,
    1200,
    1200,
    1200,
    1200,
    1200,
    1200,
    1200,
    1200,
    1200,
    1200,
    1200,
    1200,
    1200,
    1200,
    1200
  ],
  "total_time_seconds": 468.8444254398346,
  "final_accuracy": 99.03,
  "final_loss": 0.029491831369948825,
  "best_accuracy": 99.03
}