{
  "dataset": "mnist",
  "strategy": "fedavg",
  "condition": "iid_equal",
  "seed": 123,
  "num_clients": 50,
  "num_rounds": 50,
  "local_epochs": 1,
  "test_accuracy": [
    9.81,
    83.78,
    92.05,
    94.22,
    95.36,
    95.92,
    96.3,
    96.67,
    97.03,
    97.27,
    97.34,
    97.54,
    97.65,
    97.69,
    97.84,
    97.89,
    97.98,
    97.97,
    98.11,
    98.21,
    98.23,
    98.24,
    98.31,
    98.3,
    98.38,
    98.5,
    98.49,
    98.53,
    98.49,
    98.52,
    98.58,
    98.6,
    98.65,
    98.63,
    98.61,
    98.66,
    98.69,
    98.71,
    98.78,
    98.75,
    98.74,
    98.77,
    98.87,
    98.86,
    98.86,
    98.86,
    98.9,
    98.88,
    98.88,
    98.91,
    98.95
  ],
  "test_loss": [
    2.3127959597225005,
    0.632762538072781,
    0.30653971874009306,
    0.20392066561066494,
    0.15776426330678903,
    0.13283624691433443,
    0.11869099140449905,
    0.10432629000630599,
    0.09511901694126784,
    0.08883811452518256,
    0.083382125499996,
    0.07701718426081158,
    0.07186779306889825,
    0.06866238299964038,
    0.06542510030599245,
    0.06252869386794997,
    0.0602916449186773,
    0.058152374400018594,
    0.05549621793684905,
    0.05416150015964621,
    0.05261952454469147,
    0.05081206738621334,
    0.049773569359172945,
    0.04870091158008785,
    0.04800634080174133,
    0.045994217499358635,
    0.044742395169103145,
    0.04352082377595354,
    0.043368836369320075,
    0.04260391034038043,
    0.04091175161815359,
    0.041509254148491055,
    0.03972641593143565,
    0.038864941988633155,
    0.039744218906026724,
    0.03825339346306496,
    0.03750889898295161,
    0.03734932526969407,
    0.03608586449450514,
    0.036158535697330706,
    0.03587762111205717,
    0.03505570706411831,
    0.034487652167147505,
    0.034348609681196955,
    0.0340810294214295,
    0.03382795502168268,
    0.03302468956725368,
    0.033101408159617485,
    0.032495143820152575,
    0.0326947028037751,
    0.032002266825430344
  ],
  "client_sizes": [
    1200,
    1200,
    1200,
    1200,
    1200,
    1200,
    1200,
    1200,
    1200,
    1200,
    1200,
    1200,
    1200,
    1200,
    1200,
    1200,
    1200,
    1200,
    1200,
    1200,
    1200,
    1200,
    1200,
    1200,
    1200,
    1200,
    1200,
    1200,
    1200,
    1200,
    1200,
    1200,
    1200,
    1200,
    1200,
    1200,
    1200,
    1200,
    1200,
    1200,
    1200,
    1200,
    1200,
    1200,
    1200,
    1200,
    1200,
    1200,
    1200,
    1200
  ],
  "total_time_seconds": 469.87472915649414,
  "final_accuracy": 98.95,
  "final_loss": 0.032002266825430344,
  "best_accuracy": 98.95
}