{
  "dataset": "mnist",
  "strategy": "fedavg",
  "condition": "iid_equal",
  "seed": 789,
  "num_clients": 50,
  "num_rounds": 50,
  "local_epochs": 1,
  "test_accuracy": [
    7.7,
    82.33,
    90.14,
    93.87,
    95.18,
    95.73,
    96.23,
    96.67,
    96.91,
    97.14,
    97.26,
    97.5,
    97.64,
    97.72,
    97.84,
    97.91,
    97.97,
    98.08,
    98.07,
    98.21,
    98.25,
    98.24,
    98.28,
    98.39,
    98.41,
    98.4,
    98.47,
    98.54,
    98.62,
    98.58,
    98.59,
    98.66,
    98.62,
    98.71,
    98.76,
    98.75,
    98.78,
    98.8,
    98.85,
    98.84,
    98.87,
    98.94,
    98.83,
    98.85,
    98.89,
    98.89,
    98.94,
    98.98,
    98.94,
    98.97,
    98.99
  ],
  "test_loss": [
    2.30377158113181,
    0.8119240822121739,
    0.3771518903275648,
    0.22626831020100618,
    0.1702042007268356,
    0.14084310553664456,
    0.12155833797523388,
    0.10883909330655711,
    0.09847947442680954,
    0.08954020138322628,
    0.08483136111733536,
    0.07723325301153651,
    0.07433194793521251,
    0.06958400281893756,
    0.06546292252760133,
    0.0626573557258783,
    0.060040276436047396,
    0.0572668346090089,
    0.056897531033303146,
    0.053756673147534795,
    0.05188280336217384,
    0.05084422158393317,
    0.04924537240640638,
    0.04777528164820328,
    0.0467126200734076,
    0.0455376320441284,
    0.04442906109543168,
    0.04279242162266337,
    0.04182437024760925,
    0.04195061066874973,
    0.04029982272065438,
    0.040556153760969674,
    0.039619718383235775,
    0.03837363031951204,
    0.03757157887963685,
    0.03694529555250832,
    0.03663605099806422,
    0.03607027866291029,
    0.034701178346548754,
    0.034489168361565875,
    0.03477603027910842,
    0.033279818005517395,
    0.033014652540181245,
    0.033253048699546844,
    0.03274543746159523,
    0.03225354714178333,
    0.03155424015585304,
    0.030949152829024638,
    0.03081334264440205,
    0.030643224449719106,
    0.030323870924347286
  ],
  "client_sizes": [
    1200,
    1200,
    1200,
    1200,
    1200,
    1200,
    1200,
    1200,
    1200,
    1200,
    1200,
    1200,
    1200,
    1200,
    1200,
    1200,
    1200,
    1200,
    1200,
    1200,
    1200,
    1200,
    1200,
    1200,
    1200,
    1200,
    1200,
    1200,
    1200,
    1200,
    1200,
    1200,
    1200,
    1200,
    1200,
    1200,
    1200,
    1200,
    1200,
    1200,
    1200,
    1200,
    1200,
    1200,
    1200,
    1200,
    1200,
    1200,
    1200,
    1200
  ],
  "total_time_seconds": 468.8495111465454,
  "final_accuracy": 98.99,
  "final_loss": 0.030323870924347286,
  "best_accuracy": 98.99
}