{
  "dataset": "mnist",
  "strategy": "fedmedian",
  "condition": "iid_equal",
  "seed": 42,
  "num_clients": 50,
  "num_rounds": 50,
  "local_epochs": 1,
  "test_accuracy": [
    12.15,
    80.07,
    89.55,
    92.74,
    94.34,
    95.19,
    95.72,
    96.11,
    96.42,
    96.68,
    97.0,
    97.25,
    97.38,
    97.6,
    97.55,
    97.73,
    97.86,
    97.91,
    97.99,
    98.02,
    98.11,
    98.15,
    98.19,
    98.33,
    98.27,
    98.41,
    98.38,
    98.41,
    98.46,
    98.48,
    98.53,
    98.57,
    98.58,
    98.63,
    98.6,
    98.65,
    98.67,
    98.68,
    98.71,
    98.68,
    98.73,
    98.73,
    98.76,
    98.8,
    98.86,
    98.85,
    98.87,
    98.85,
    98.88,
    98.91,
    98.87
  ],
  "test_loss": [
    2.3024746861320713,
    0.6571092473241849,
    0.40079945413925394,
    0.26679918396111113,
    0.20050335562112517,
    0.16406177249127113,
    0.1418367817234724,
    0.12388664645517762,
    0.11167400658648378,
    0.10268159107023928,
    0.0947899914078099,
    0.08811444903764064,
    0.08149123605386839,
    0.07631248140766378,
    0.07440407086422625,
    0.07030878048416185,
    0.06636713707102493,
    0.06310934921365437,
    0.06025129564196844,
    0.059177797226519425,
    0.05716501129874826,
    0.05476304873671255,
    0.053601922135957825,
    0.051416234147679894,
    0.05155849688818095,
    0.04870238587946092,
    0.0482888554328697,
    0.046271894183524995,
    0.0453945750318272,
    0.04407224019400972,
    0.043346995956585414,
    0.042478166820537025,
    0.041945423206565316,
    0.04092084587218865,
    0.0400006137302922,
    0.03934087108956619,
    0.03905755577011478,
    0.038109809485942066,
    0.03772200148427082,
    0.03716045719207009,
    0.036747810629774544,
    0.036367153559276576,
    0.03574272844068332,
    0.035238049949455924,
    0.03437655001258585,
    0.034230919457138825,
    0.03409526824883108,
    0.03326339305904156,
    0.03325296028978106,
    0.03290666296214595,
    0.032676172131483654
  ],
  "client_sizes": [
    1200,
    1200,
    1200,
    1200,
    1200,
    1200,
    1200,
    1200,
    1200,
    1200,
    1200,
    1200,
    1200,
    1200,
    1200,
    1200,
    1200,
    1200,
    1200,
    1200,
    1200,
    1200,
    1200,
    1200,
    1200,
    1200,
    1200,
    1200,
    1200,
    1200,
    1200,
    1200,
    1200,
    1200,
    1200,
    1200,
    1200,
    1200,
    1200,
    1200,
    1200,
    1200,
    1200,
    1200,
    1200,
    1200,
    1200,
    1200,
    1200,
    1200
  ],
  "total_time_seconds": 496.82070446014404,
  "final_accuracy": 98.87,
  "final_loss": 0.032676172131483654,
  "best_accuracy": 98.91
}