{
  "dataset": "mnist",
  "strategy": "fedmedian",
  "condition": "iid_equal",
  "seed": 123,
  "num_clients": 50,
  "num_rounds": 50,
  "local_epochs": 1,
  "test_accuracy": [
    9.81,
    82.09,
    92.15,
    94.21,
    95.23,
    95.94,
    96.38,
    96.59,
    96.81,
    97.13,
    97.3,
    97.32,
    97.61,
    97.67,
    97.68,
    97.74,
    97.77,
    97.97,
    98.13,
    98.12,
    98.23,
    98.17,
    98.13,
    98.3,
    98.33,
    98.41,
    98.4,
    98.44,
    98.4,
    98.49,
    98.51,
    98.57,
    98.63,
    98.58,
    98.52,
    98.59,
    98.63,
    98.63,
    98.68,
    98.75,
    98.76,
    98.74,
    98.76,
    98.72,
    98.81,
    98.74,
    98.8,
    98.84,
    98.86,
    98.86,
    98.91
  ],
  "test_loss": [
    2.3127959597225005,
    0.6519073147933704,
    0.29503164621302114,
    0.2084966499816638,
    0.1618193564609217,
    0.1364300450214896,
    0.11838381884533306,
    0.10775819317044946,
    0.09962300487538092,
    0.09006761344943416,
    0.08375336273317449,
    0.08056620078197808,
    0.07456919733822098,
    0.0706335236264479,
    0.0691119657186702,
    0.06661864274130098,
    0.06318305758731485,
    0.060314107641370185,
    0.05853003958069434,
    0.05674312782082216,
    0.05494333247045284,
    0.05496496508792846,
    0.054019718459947186,
    0.051010753437849735,
    0.05092626276522999,
    0.048992235957200043,
    0.04860445941309668,
    0.04677129880794452,
    0.04648495345656684,
    0.045587935802949286,
    0.04457155917836249,
    0.04388806225552325,
    0.04314144153354406,
    0.0425781422944073,
    0.042441214351024416,
    0.040968133897141976,
    0.04003276263017343,
    0.03980846490130803,
    0.039726880312503106,
    0.038687541997275435,
    0.03815434950315256,
    0.037284238163437886,
    0.03722227628831854,
    0.03687885829953093,
    0.03682049099462309,
    0.03720592901175459,
    0.03677782653054069,
    0.036253833993391604,
    0.035053625293992155,
    0.03542179666529089,
    0.03490064848249396
  ],
  "client_sizes": [
    1200,
    1200,
    1200,
    1200,
    1200,
    1200,
    1200,
    1200,
    1200,
    1200,
    1200,
    1200,
    1200,
    1200,
    1200,
    1200,
    1200,
    1200,
    1200,
    1200,
    1200,
    1200,
    1200,
    1200,
    1200,
    1200,
    1200,
    1200,
    1200,
    1200,
    1200,
    1200,
    1200,
    1200,
    1200,
    1200,
    1200,
    1200,
    1200,
    1200,
    1200,
    1200,
    1200,
    1200,
    1200,
    1200,
    1200,
    1200,
    1200,
    1200
  ],
  "total_time_seconds": 495.3300130367279,
  "final_accuracy": 98.91,
  "final_loss": 0.03490064848249396,
  "best_accuracy": 98.91
}