{
  "dataset": "mnist",
  "strategy": "fedmedian",
  "condition": "iid_equal",
  "seed": 1011,
  "num_clients": 50,
  "num_rounds": 50,
  "local_epochs": 1,
  "test_accuracy": [
    9.8,
    82.55,
    89.94,
    93.2,
    94.41,
    95.19,
    95.72,
    96.23,
    96.47,
    96.76,
    97.11,
    97.31,
    97.41,
    97.61,
    97.69,
    97.77,
    97.8,
    97.97,
    98.06,
    98.14,
    98.09,
    98.25,
    98.28,
    98.33,
    98.41,
    98.29,
    98.38,
    98.47,
    98.51,
    98.59,
    98.53,
    98.57,
    98.59,
    98.57,
    98.62,
    98.68,
    98.67,
    98.64,
    98.79,
    98.83,
    98.75,
    98.79,
    98.82,
    98.75,
    98.78,
    98.82,
    98.78,
    98.83,
    98.8,
    98.84,
    98.89
  ],
  "test_loss": [
    2.2979557796027335,
    0.6291937626684054,
    0.36269541703664454,
    0.24738110254962034,
    0.1979017730344075,
    0.16246257364726105,
    0.13882261908541735,
    0.12302727022984872,
    0.11213233794707556,
    0.09976522292950735,
    0.09255852980372577,
    0.08485158893038718,
    0.08086532222020765,
    0.0746405166289293,
    0.07144242722672015,
    0.06754842297720408,
    0.066343670785773,
    0.061326964350510986,
    0.0594553519784214,
    0.05659516845508434,
    0.05602470864894236,
    0.0531870581668719,
    0.051718869251656543,
    0.05025392132356559,
    0.04830781152545729,
    0.04850748511383306,
    0.04679012262022879,
    0.04539083868012051,
    0.044816026626732765,
    0.04344719806202994,
    0.04282352585346343,
    0.04199917489814469,
    0.040972569223968296,
    0.04029219318532289,
    0.03984167031578512,
    0.03895254679640328,
    0.038610235731429014,
    0.03803938303079371,
    0.03791059561147888,
    0.03694528287668598,
    0.03603618922655684,
    0.0356475821095874,
    0.03556392126167699,
    0.03563206447103938,
    0.03521287521428671,
    0.03410779057329479,
    0.034308584537369645,
    0.03421577085735773,
    0.03337437600330246,
    0.03323786893388126,
    0.03304241272367733
  ],
  "client_sizes": [
    1200,
    1200,
    1200,
    1200,
    1200,
    1200,
    1200,
    1200,
    1200,
    1200,
    1200,
    1200,
    1200,
    1200,
    1200,
    1200,
    1200,
    1200,
    1200,
    1200,
    1200,
    1200,
    1200,
    1200,
    1200,
    1200,
    1200,
    1200,
    1200,
    1200,
    1200,
    1200,
    1200,
    1200,
    1200,
    1200,
    1200,
    1200,
    1200,
    1200,
    1200,
    1200,
    1200,
    1200,
    1200,
    1200,
    1200,
    1200,
    1200,
    1200
  ],
  "total_time_seconds": 496.72344064712524,
  "final_accuracy": 98.89,
  "final_loss": 0.03304241272367733,
  "best_accuracy": 98.89
}