{
  "dataset": "mnist",
  "strategy": "fedmean",
  "condition": "iid_equal",
  "seed": 123,
  "num_clients": 50,
  "num_rounds": 50,
  "local_epochs": 1,
  "test_accuracy": [
    9.81,
    83.09,
    92.14,
    94.37,
    95.38,
    95.88,
    96.34,
    96.74,
    97.0,
    97.2,
    97.39,
    97.45,
    97.55,
    97.74,
    97.73,
    97.86,
    98.02,
    98.04,
    98.08,
    98.09,
    98.22,
    98.33,
    98.35,
    98.34,
    98.33,
    98.37,
    98.4,
    98.48,
    98.55,
    98.54,
    98.56,
    98.62,
    98.59,
    98.66,
    98.64,
    98.7,
    98.72,
    98.76,
    98.75,
    98.83,
    98.78,
    98.77,
    98.84,
    98.84,
    98.84,
    98.88,
    98.89,
    98.93,
    98.9,
    98.94,
    98.93
  ],
  "test_loss": [
    2.3127959597225005,
    0.6561327743263671,
    0.3093912779523161,
    0.20113199308645516,
    0.1598447478307893,
    0.1337079069928263,
    0.11747840047031403,
    0.10525111481844902,
    0.0939034879517804,
    0.08830785840049017,
    0.08190282641931589,
    0.07705977055323741,
    0.07299238333486753,
    0.06852335058050021,
    0.06661565872258879,
    0.06384225831178877,
    0.059845329729000335,
    0.057538824801789984,
    0.05618892459783885,
    0.05456747331193644,
    0.05274267354933619,
    0.05103934739390723,
    0.04927502116080546,
    0.04821729921666457,
    0.04815970542264627,
    0.04668324943683958,
    0.04569646980911575,
    0.04438497106636355,
    0.043418262677128464,
    0.042767129079605185,
    0.041168272241099424,
    0.04080464404425305,
    0.03966663519706065,
    0.038920687516200855,
    0.03846900388115858,
    0.03847811281568179,
    0.03771606666501007,
    0.03688357589973643,
    0.037133873784131695,
    0.03583661804290265,
    0.03567893733402968,
    0.03549807347015001,
    0.034797261965783914,
    0.03432788419212711,
    0.03405324066858947,
    0.03406260158507054,
    0.03250167342989248,
    0.0325389645552317,
    0.03285463884977259,
    0.03206259724133481,
    0.03189102109727958
  ],
  "client_sizes": [
    1200,
    1200,
    1200,
    1200,
    1200,
    1200,
    1200,
    1200,
    1200,
    1200,
    1200,
    1200,
    1200,
    1200,
    1200,
    1200,
    1200,
    1200,
    1200,
    1200,
    1200,
    1200,
    1200,
    1200,
    1200,
    1200,
    1200,
    1200,
    1200,
    1200,
    1200,
    1200,
    1200,
    1200,
    1200,
    1200,
    1200,
    1200,
    1200,
    1200,
    1200,
    1200,
    1200,
    1200,
    1200,
    1200,
    1200,
    1200,
    1200,
    1200
  ],
  "total_time_seconds": 473.7891447544098,
  "final_accuracy": 98.93,
  "final_loss": 0.03189102109727958,
  "best_accuracy": 98.94
}