{
  "dataset": "mnist",
  "strategy": "fedmedian",
  "condition": "iid_equal",
  "seed": 789,
  "num_clients": 50,
  "num_rounds": 50,
  "local_epochs": 1,
  "test_accuracy": [
    7.7,
    82.53,
    90.42,
    93.71,
    94.97,
    95.75,
    96.24,
    96.58,
    96.93,
    97.08,
    97.26,
    97.43,
    97.58,
    97.69,
    97.77,
    97.83,
    97.94,
    98.04,
    98.06,
    98.16,
    98.24,
    98.24,
    98.32,
    98.29,
    98.38,
    98.4,
    98.49,
    98.45,
    98.46,
    98.55,
    98.63,
    98.57,
    98.61,
    98.68,
    98.71,
    98.71,
    98.69,
    98.7,
    98.71,
    98.79,
    98.74,
    98.8,
    98.75,
    98.78,
    98.82,
    98.74,
    98.84,
    98.84,
    98.84,
    98.84,
    98.93
  ],
  "test_loss": [
    2.30377158113181,
    0.7959061116456224,
    0.36480532948391886,
    0.2340771437536318,
    0.1718906521404418,
    0.1430675072815662,
    0.12509824600912772,
    0.1104789988198035,
    0.10003414002995485,
    0.09175912397630966,
    0.08594887229738929,
    0.0807655625437318,
    0.07579541824383887,
    0.07229931843924535,
    0.06822714709268418,
    0.06503285442891057,
    0.06220778833433893,
    0.06006574873173142,
    0.058533217471644146,
    0.05676270164885951,
    0.05389985105886791,
    0.052998780715269984,
    0.05093866080422655,
    0.049858459307010265,
    0.04838797125079038,
    0.047495635089729676,
    0.04665534681142732,
    0.04527257008762296,
    0.04470553211069546,
    0.04389686771531715,
    0.04313588402748775,
    0.04215050485669843,
    0.042855356159035955,
    0.04138619487997503,
    0.04017015221158774,
    0.03957216135171702,
    0.03946906808678337,
    0.039007534949214405,
    0.03813906191765138,
    0.03711211927787309,
    0.036716171021030405,
    0.035988273691323125,
    0.03664352858665549,
    0.035185293547822884,
    0.03530694978032149,
    0.035127513955043925,
    0.03449202401906588,
    0.033990253235760944,
    0.03383141930027513,
    0.03364238442548386,
    0.03320889630933856
  ],
  "client_sizes": [
    1200,
    1200,
    1200,
    1200,
    1200,
    1200,
    1200,
    1200,
    1200,
    1200,
    1200,
    1200,
    1200,
    1200,
    1200,
    1200,
    1200,
    1200,
    1200,
    1200,
    1200,
    1200,
    1200,
    1200,
    1200,
    1200,
    1200,
    1200,
    1200,
    1200,
    1200,
    1200,
    1200,
    1200,
    1200,
    1200,
    1200,
    1200,
    1200,
    1200,
    1200,
    1200,
    1200,
    1200,
    1200,
    1200,
    1200,
    1200,
    1200,
    1200
  ],
  "total_time_seconds": 496.5276417732239,
  "final_accuracy": 98.93,
  "final_loss": 0.03320889630933856,
  "best_accuracy": 98.93
}