{
  "dataset": "mnist",
  "strategy": "fedmean",
  "condition": "iid_equal",
  "seed": 42,
  "num_clients": 50,
  "num_rounds": 50,
  "local_epochs": 1,
  "test_accuracy": [
    12.15,
    80.73,
    89.57,
    92.8,
    94.41,
    95.22,
    95.67,
    96.19,
    96.52,
    96.92,
    97.14,
    97.3,
    97.49,
    97.66,
    97.72,
    97.81,
    97.89,
    97.95,
    98.05,
    98.12,
    98.23,
    98.26,
    98.32,
    98.38,
    98.38,
    98.43,
    98.45,
    98.53,
    98.47,
    98.58,
    98.6,
    98.63,
    98.66,
    98.64,
    98.71,
    98.71,
    98.69,
    98.75,
    98.79,
    98.75,
    98.78,
    98.83,
    98.85,
    98.85,
    98.85,
    98.88,
    98.91,
    98.87,
    98.87,
    98.94,
    98.95
  ],
  "test_loss": [
    2.3024746861320713,
    0.6651845669594055,
    0.40535635715380264,
    0.2648654924497342,
    0.19871033890285908,
    0.16289246270206933,
    0.13792327840547688,
    0.1217222294276253,
    0.10782373380868103,
    0.09779213004508994,
    0.0904380592719143,
    0.08500695567334089,
    0.07842297104563707,
    0.07407692236176427,
    0.070159427383684,
    0.06725250850558079,
    0.06267044146711857,
    0.059710846301045464,
    0.05842706654509068,
    0.05631589045171245,
    0.053972078928809106,
    0.051751658940487305,
    0.05068926522391105,
    0.049575077857182084,
    0.04717550709289082,
    0.046157237411883566,
    0.04532609418130885,
    0.043988820118206616,
    0.04319403206083601,
    0.041795982547515716,
    0.04052844069654605,
    0.039861690793369604,
    0.0387566227572985,
    0.03858410160328479,
    0.038262799974096144,
    0.036488155149472096,
    0.03599993131229856,
    0.035754170108377524,
    0.035199248242896226,
    0.03562791514120302,
    0.03496181667364313,
    0.03316012845146044,
    0.033889822661493124,
    0.032895344912867004,
    0.033196997310061614,
    0.031855711982074174,
    0.031591896269883395,
    0.031437458723030144,
    0.03111079248371364,
    0.030902910272217674,
    0.030464154785869422
  ],
  "client_sizes": [
    1200,
    1200,
    1200,
    1200,
    1200,
    1200,
    1200,
    1200,
    1200,
    1200,
    1200,
    1200,
    1200,
    1200,
    1200,
    1200,
    1200,
    1200,
    1200,
    1200,
    1200,
    1200,
    1200,
    1200,
    1200,
    1200,
    1200,
    1200,
    1200,
    1200,
    1200,
    1200,
    1200,
    1200,
    1200,
    1200,
    1200,
    1200,
    1200,
    1200,
    1200,
    1200,
    1200,
    1200,
    1200,
    1200,
    1200,
    1200,
    1200,
    1200
  ],
  "total_time_seconds": 476.831414937973,
  "final_accuracy": 98.95,
  "final_loss": 0.030464154785869422,
  "best_accuracy": 98.95
}