{
  "dataset": "mnist",
  "strategy": "fedmedian",
  "condition": "iid_equal",
  "seed": 456,
  "num_clients": 50,
  "num_rounds": 50,
  "local_epochs": 1,
  "test_accuracy": [
    9.48,
    82.56,
    91.58,
    93.9,
    95.21,
    95.82,
    96.37,
    96.74,
    97.09,
    97.27,
    97.45,
    97.56,
    97.68,
    97.75,
    97.86,
    97.98,
    98.07,
    98.09,
    98.18,
    98.28,
    98.33,
    98.33,
    98.44,
    98.42,
    98.52,
    98.46,
    98.57,
    98.58,
    98.57,
    98.56,
    98.61,
    98.63,
    98.6,
    98.69,
    98.64,
    98.7,
    98.74,
    98.71,
    98.79,
    98.76,
    98.8,
    98.81,
    98.79,
    98.82,
    98.78,
    98.82,
    98.88,
    98.82,
    98.81,
    98.79,
    98.83
  ],
  "test_loss": [
    2.3023783238931967,
    0.6612195187864213,
    0.33286533382135075,
    0.21878259037487424,
    0.16913862915905997,
    0.13809109922980492,
    0.11910175017643565,
    0.10541865068782395,
    0.09605142345671325,
    0.08729308358276078,
    0.08043729788110482,
    0.07560653335986861,
    0.07098366340794139,
    0.06798420616476901,
    0.06415493884841694,
    0.0619015572547984,
    0.059364984562723176,
    0.057057571821301556,
    0.05549867556838783,
    0.052837999363057164,
    0.05229997461803589,
    0.050476443673327445,
    0.04887590069206061,
    0.04717083453228094,
    0.046714040584555014,
    0.04646801707766632,
    0.043926568503111094,
    0.04385983575599085,
    0.04316199736893006,
    0.04225613021489103,
    0.041180319968656,
    0.04065196089374575,
    0.04038154588190849,
    0.03925256961722302,
    0.03932282069116643,
    0.0383915144096749,
    0.03730041075046617,
    0.03714052129888763,
    0.03611590932797726,
    0.035895310533509146,
    0.03546798800468536,
    0.035418156715030534,
    0.03527771052548765,
    0.03418737122435084,
    0.03452051272259664,
    0.034247510456943145,
    0.03334613743548437,
    0.033480443409121034,
    0.03325120985749536,
    0.03310370797840186,
    0.03258512369753159
  ],
  "client_sizes": [
    1200,
    1200,
    1200,
    1200,
    1200,
    1200,
    1200,
    1200,
    1200,
    1200,
    1200,
    1200,
    1200,
    1200,
    1200,
    1200,
    1200,
    1200,
    1200,
    1200,
    1200,
    1200,
    1200,
    1200,
    1200,
    1200,
    1200,
    1200,
    1200,
    1200,
    1200,
    1200,
    1200,
    1200,
    1200,
    1200,
    1200,
    1200,
    1200,
    1200,
    1200,
    1200,
    1200,
    1200,
    1200,
    1200,
    1200,
    1200,
    1200,
    1200
  ],
  "total_time_seconds": 498.79105615615845,
  "final_accuracy": 98.83,
  "final_loss": 0.03258512369753159,
  "best_accuracy": 98.88
}