{
  "dataset": "mnist",
  "strategy": "fedmean",
  "condition": "iid_equal",
  "seed": 456,
  "num_clients": 50,
  "num_rounds": 50,
  "local_epochs": 1,
  "test_accuracy": [
    9.48,
    82.32,
    91.64,
    93.89,
    95.14,
    95.99,
    96.47,
    96.79,
    97.03,
    97.43,
    97.5,
    97.6,
    97.62,
    97.86,
    97.96,
    98.04,
    98.09,
    98.29,
    98.3,
    98.35,
    98.39,
    98.43,
    98.43,
    98.53,
    98.54,
    98.64,
    98.63,
    98.61,
    98.65,
    98.66,
    98.67,
    98.65,
    98.72,
    98.73,
    98.71,
    98.8,
    98.74,
    98.8,
    98.83,
    98.82,
    98.93,
    98.92,
    98.92,
    98.91,
    98.87,
    98.94,
    98.96,
    98.97,
    98.94,
    99.04,
    98.97
  ],
  "test_loss": [
    2.3023783238931967,
    0.6720809172898435,
    0.3412222749175736,
    0.21847599252653768,
    0.16565919998652354,
    0.13459306053992826,
    0.11600377218806729,
    0.10275268272761577,
    0.09237489993602169,
    0.08449221309348821,
    0.078887324486026,
    0.07459753508733127,
    0.07091598982157293,
    0.06658455565387306,
    0.06244906939530058,
    0.0596704084846264,
    0.05727036090377278,
    0.05430582643578799,
    0.052738233251659314,
    0.051118196396342366,
    0.04937771873418636,
    0.04745341110512422,
    0.046393279645050065,
    0.0453394882585712,
    0.044561637381618745,
    0.04305740822472583,
    0.04188360759844117,
    0.04137969710174189,
    0.04042894193890896,
    0.0396882627221563,
    0.03905316920318814,
    0.03978211342336364,
    0.0377237325908576,
    0.03713852552648339,
    0.03615718086817046,
    0.03540568641343131,
    0.035349214283328524,
    0.0345568268830641,
    0.03370853134024096,
    0.03391387023925934,
    0.033143716810659626,
    0.03328791657321753,
    0.03265295762602605,
    0.03240800102266164,
    0.031800018340824715,
    0.03164397347487878,
    0.030877196993725764,
    0.03062096174552442,
    0.03012253446899886,
    0.030001610834000176,
    0.029956039823945978
  ],
  "client_sizes": [
    1200,
    1200,
    1200,
    1200,
    1200,
    1200,
    1200,
    1200,
    1200,
    1200,
    1200,
    1200,
    1200,
    1200,
    1200,
    1200,
    1200,
    1200,
    1200,
    1200,
    1200,
    1200,
    1200,
    1200,
    1200,
    1200,
    1200,
    1200,
    1200,
    1200,
    1200,
    1200,
    1200,
    1200,
    1200,
    1200,
    1200,
    1200,
    1200,
    1200,
    1200,
    1200,
    1200,
    1200,
    1200,
    1200,
    1200,
    1200,
    1200,
    1200
  ],
  "total_time_seconds": 472.9537286758423,
  "final_accuracy": 98.97,
  "final_loss": 0.029956039823945978,
  "best_accuracy": 99.04
}