{
  "dataset": "mnist",
  "strategy": "fedmean",
  "condition": "iid_equal",
  "seed": 1011,
  "num_clients": 50,
  "num_rounds": 50,
  "local_epochs": 1,
  "test_accuracy": [
    9.8,
    81.61,
    88.92,
    93.14,
    94.38,
    95.2,
    95.72,
    96.15,
    96.63,
    96.98,
    97.19,
    97.36,
    97.53,
    97.7,
    97.77,
    97.82,
    97.98,
    98.01,
    98.03,
    98.12,
    98.24,
    98.32,
    98.37,
    98.46,
    98.51,
    98.54,
    98.54,
    98.57,
    98.52,
    98.55,
    98.62,
    98.68,
    98.62,
    98.76,
    98.78,
    98.79,
    98.73,
    98.8,
    98.81,
    98.79,
    98.88,
    98.8,
    98.85,
    98.88,
    98.89,
    98.9,
    98.89,
    98.87,
    98.91,
    98.9,
    98.93
  ],
  "test_loss": [
    2.2979557796027335,
    0.6556471795700609,
    0.39284833496847094,
    0.25443841437228953,
    0.19415775057190238,
    0.1615725154125581,
    0.13842398066894887,
    0.12250291056315096,
    0.10782138194841223,
    0.09754872905498091,
    0.09032647532988161,
    0.08284954811906078,
    0.07796143917363144,
    0.0732080060586976,
    0.07004457443069961,
    0.06590233858825026,
    0.06341803268627666,
    0.0599127475416084,
    0.05753357033356846,
    0.05576747195925727,
    0.054003397276931514,
    0.05185236237659015,
    0.05025718771056986,
    0.04800486130556784,
    0.047054673433226654,
    0.04575409189184805,
    0.044731561976610296,
    0.04352026444101244,
    0.042641461590357414,
    0.04180841074847154,
    0.04029204945138376,
    0.03948217834095731,
    0.03890171337904079,
    0.03781521403655057,
    0.03761740761359987,
    0.03645585789074623,
    0.036322277238250884,
    0.0352423686253054,
    0.03534004381778683,
    0.03451172535068226,
    0.03368097608644473,
    0.03342875850989404,
    0.03308888700232314,
    0.03244996312599697,
    0.0323310138596041,
    0.031719493273864245,
    0.031270105264591695,
    0.030900203416256673,
    0.030814912377048368,
    0.030854297010760368,
    0.030632483959905834
  ],
  "client_sizes": [
    1200,
    1200,
    1200,
    1200,
    1200,
    1200,
    1200,
    1200,
    1200,
    1200,
    1200,
    1200,
    1200,
    1200,
    1200,
    1200,
    1200,
    1200,
    1200,
    1200,
    1200,
    1200,
    1200,
    1200,
    1200,
    1200,
    1200,
    1200,
    1200,
    1200,
    1200,
    1200,
    1200,
    1200,
    1200,
    1200,
    1200,
    1200,
    1200,
    1200,
    1200,
    1200,
    1200,
    1200,
    1200,
    1200,
    1200,
    1200,
    1200,
    1200
  ],
  "total_time_seconds": 475.87204360961914,
  "final_accuracy": 98.93,
  "final_loss": 0.030632483959905834,
  "best_accuracy": 98.93
}