{
  "dataset": "mnist",
  "strategy": "fedmean",
  "condition": "iid_equal",
  "seed": 789,
  "num_clients": 50,
  "num_rounds": 50,
  "local_epochs": 1,
  "test_accuracy": [
    7.7,
    82.23,
    90.31,
    93.85,
    95.11,
    95.89,
    96.26,
    96.72,
    96.89,
    97.23,
    97.34,
    97.49,
    97.6,
    97.71,
    97.77,
    97.91,
    97.93,
    98.06,
    98.1,
    98.21,
    98.21,
    98.2,
    98.35,
    98.43,
    98.42,
    98.48,
    98.46,
    98.45,
    98.54,
    98.64,
    98.59,
    98.7,
    98.68,
    98.67,
    98.73,
    98.69,
    98.77,
    98.83,
    98.84,
    98.84,
    98.83,
    98.81,
    98.85,
    98.88,
    98.92,
    98.91,
    98.91,
    98.89,
    98.94,
    98.95,
    98.94
  ],
  "test_loss": [
    2.30377158113181,
    0.8219832339035437,
    0.372344098271082,
    0.22976146735988867,
    0.1697701441701323,
    0.13983421246357525,
    0.12298132526203276,
    0.10723392427422868,
    0.09940777724637045,
    0.08946380248410812,
    0.08310072140146296,
    0.07803253850400502,
    0.07259890008397912,
    0.06830303512566452,
    0.06576083700385349,
    0.06292356870891437,
    0.060824527846594985,
    0.05871203902726859,
    0.05654697458407791,
    0.05420298088560835,
    0.052207717117157944,
    0.05087698731412806,
    0.04879081035003114,
    0.04702215761629888,
    0.04558943333868577,
    0.04518615665707772,
    0.04461158469085769,
    0.043485708577815405,
    0.04195668108896323,
    0.041803798818741904,
    0.04078693767849054,
    0.03958993528532285,
    0.039056509260053614,
    0.03897901390762029,
    0.037575174362702086,
    0.03702277617005816,
    0.03661373503732924,
    0.03548092649325903,
    0.03508706518841326,
    0.034354918747799085,
    0.034199176697492284,
    0.03389512312519211,
    0.033783583337261724,
    0.03343092568599522,
    0.032173227937954844,
    0.03201556714607439,
    0.03155378604020289,
    0.03130776001612343,
    0.03058423558796696,
    0.03066511810538941,
    0.030129457428897652
  ],
  "client_sizes": [
    1200,
    1200,
    1200,
    1200,
    1200,
    1200,
    1200,
    1200,
    1200,
    1200,
    1200,
    1200,
    1200,
    1200,
    1200,
    1200,
    1200,
    1200,
    1200,
    1200,
    1200,
    1200,
    1200,
    1200,
    1200,
    1200,
    1200,
    1200,
    1200,
    1200,
    1200,
    1200,
    1200,
    1200,
    1200,
    1200,
    1200,
    1200,
    1200,
    1200,
    1200,
    1200,
    1200,
    1200,
    1200,
    1200,
    1200,
    1200,
    1200,
    1200
  ],
  "total_time_seconds": 475.0852675437927,
  "final_accuracy": 98.94,
  "final_loss": 0.030129457428897652,
  "best_accuracy": 98.95
}