{
  "dataset": "mnist",
  "strategy": "fedavg",
  "condition": "iid_unequal",
  "seed": 456,
  "num_clients": 50,
  "num_rounds": 50,
  "local_epochs": 1,
  "test_accuracy": [
    9.48,
    88.85,
    93.99,
    95.73,
    96.46,
    97.06,
    97.37,
    97.49,
    97.73,
    97.94,
    98.03,
    98.19,
    98.26,
    98.38,
    98.44,
    98.5,
    98.52,
    98.52,
    98.54,
    98.58,
    98.58,
    98.69,
    98.72,
    98.74,
    98.75,
    98.75,
    98.84,
    98.8,
    98.79,
    98.83,
    98.91,
    98.89,
    98.92,
    98.97,
    98.95,
    98.94,
    99.0,
    99.05,
    98.95,
    98.99,
    99.07,
    99.0,
    99.04,
    99.04,
    99.04,
    99.07,
    99.14,
    99.08,
    99.09,
    99.11,
    99.13
  ],
  "test_loss": [
    2.3023783238931967,
    0.6326732544091563,
    0.21340534876520262,
    0.14333786196506823,
    0.11422467149701862,
    0.09623162484372232,
    0.08385306443444814,
    0.07699594050259016,
    0.06903876892284315,
    0.06419663445298045,
    0.05935606066496096,
    0.055718280421681525,
    0.052870896682455634,
    0.04993368452410221,
    0.04785681495750018,
    0.04596060387667093,
    0.04413253318431182,
    0.04316558119973515,
    0.04223262030455472,
    0.04053419774954063,
    0.04047369862715182,
    0.03809977630940869,
    0.03764999749748644,
    0.03720581584641473,
    0.03573389319353737,
    0.03508709627003729,
    0.033738412767281505,
    0.03440960434867224,
    0.03346295717804891,
    0.0327767863520607,
    0.031505757111674505,
    0.03170380369211168,
    0.03055619325300468,
    0.029812453513646635,
    0.029268332457061983,
    0.028993864060866938,
    0.02869084203233181,
    0.028465646089910278,
    0.028654555039563642,
    0.028284511983732108,
    0.02729414239608062,
    0.027326594758893877,
    0.027042422345414506,
    0.02699714467352127,
    0.02634174745870291,
    0.026520340392740916,
    0.026292040891778782,
    0.026192311152367104,
    0.026342232560087876,
    0.025914162135560588,
    0.025367541109139587
  ],
  "client_sizes": [
    560,
    654,
    2428,
    2838,
    747,
    767,
    358,
    1183,
    3304,
    1876,
    910,
    923,
    416,
    723,
    734,
    776,
    1074,
    2148,
    1812,
    245,
    1597,
    1057,
    1287,
    320,
    2224,
    630,
    1319,
    2226,
    1002,
    1372,
    320,
    449,
    2286,
    930,
    258,
    2990,
    798,
    939,
    1598,
    579,
    1052,
    455,
    1825,
    1230,
    811,
    1984,
    1244,
    1745,
    507,
    490
  ],
  "total_time_seconds": 475.36747217178345,
  "final_accuracy": 99.13,
  "final_loss": 0.025367541109139587,
  "best_accuracy": 99.14
}