{
  "dataset": "mnist",
  "strategy": "fedavg",
  "condition": "iid_unequal",
  "seed": 42,
  "num_clients": 50,
  "num_rounds": 50,
  "local_epochs": 1,
  "test_accuracy": [
    12.15,
    84.9,
    92.46,
    94.68,
    95.83,
    96.33,
    96.78,
    97.06,
    97.41,
    97.62,
    97.73,
    97.9,
    98.03,
    98.03,
    98.13,
    98.16,
    98.31,
    98.34,
    98.5,
    98.58,
    98.56,
    98.58,
    98.63,
    98.66,
    98.73,
    98.72,
    98.79,
    98.79,
    98.8,
    98.8,
    98.8,
    98.9,
    98.91,
    98.89,
    98.93,
    98.94,
    98.97,
    99.0,
    98.94,
    98.98,
    98.96,
    98.98,
    98.99,
    99.01,
    98.96,
    99.0,
    99.02,
    99.02,
    99.04,
    99.09,
    99.1
  ],
  "test_loss": [
    2.3024746861320713,
    0.6764223496563518,
    0.2784456887160437,
    0.1830316300834187,
    0.1394638020095948,
    0.11718692182906912,
    0.10259628125329534,
    0.09153891006855074,
    0.08242001968749112,
    0.07561064116004408,
    0.06947160147527714,
    0.06389838708925415,
    0.06082787450665932,
    0.057499319769831865,
    0.054883932127872445,
    0.05310548508198361,
    0.04994556558606313,
    0.048452331987795416,
    0.045577472201161706,
    0.04388341817110531,
    0.042591427809151726,
    0.041325305515760594,
    0.040567734714552085,
    0.03870639237625444,
    0.03749262537313391,
    0.036876892443388716,
    0.03608708220092169,
    0.03505327524494576,
    0.03472419769021568,
    0.03431235501343377,
    0.03429680423722837,
    0.03308109972298111,
    0.03231263069173206,
    0.03233663505945149,
    0.031214290046977948,
    0.031170775540159665,
    0.030260008977680167,
    0.029752968458986277,
    0.029814200908760493,
    0.028976673043702883,
    0.028733156740620294,
    0.028622035762424048,
    0.028174398433209125,
    0.028051393491101355,
    0.02786960279863183,
    0.027983563220367942,
    0.027466265830908856,
    0.027045495484161367,
    0.02700891695584783,
    0.026474555225680766,
    0.026635041460819096
  ],
  "client_sizes": [
    1508,
    941,
    871,
    871,
    2930,
    1806,
    712,
    1556,
    1259,
    136,
    422,
    1327,
    2750,
    877,
    666,
    1143,
    633,
    830,
    1039,
    403,
    1871,
    337,
    297,
    1218,
    1772,
    1195,
    958,
    823,
    718,
    2166,
    1336,
    767,
    590,
    1630,
    2132,
    2004,
    504,
    818,
    706,
    906,
    1859,
    2585,
    1372,
    608,
    1021,
    2906,
    1122,
    825,
    881,
    1393
  ],
  "total_time_seconds": 475.5917270183563,
  "final_accuracy": 99.1,
  "final_loss": 0.026635041460819096,
  "best_accuracy": 99.1
}