{
  "dataset": "mnist",
  "strategy": "fedavg",
  "condition": "iid_unequal",
  "seed": 1011,
  "num_clients": 50,
  "num_rounds": 50,
  "local_epochs": 1,
  "test_accuracy": [
    9.8,
    85.93,
    93.59,
    95.26,
    96.16,
    96.71,
    97.18,
    97.43,
    97.66,
    97.83,
    98.05,
    98.14,
    98.24,
    98.41,
    98.5,
    98.53,
    98.48,
    98.55,
    98.6,
    98.61,
    98.7,
    98.69,
    98.78,
    98.84,
    98.8,
    98.87,
    98.87,
    98.87,
    98.92,
    98.87,
    98.95,
    98.98,
    98.99,
    98.96,
    99.01,
    99.06,
    99.06,
    99.04,
    99.07,
    99.1,
    99.08,
    99.07,
    99.11,
    99.07,
    99.1,
    99.12,
    99.1,
    99.14,
    99.1,
    99.09,
    99.11
  ],
  "test_loss": [
    2.2979557796027335,
    0.5888411481730854,
    0.23270781459614112,
    0.1600828554671698,
    0.12119505429021514,
    0.1046412940291069,
    0.08898512231105694,
    0.07863621307985512,
    0.07087979538677878,
    0.06550041205969791,
    0.060379886324805676,
    0.05643018530294918,
    0.05312016171000797,
    0.049477516874907534,
    0.047495872877369345,
    0.04532334910618374,
    0.043661393979033375,
    0.04263331508194208,
    0.040897202999282706,
    0.0405712632787871,
    0.03891899708014825,
    0.03782435871334384,
    0.035895103515975586,
    0.03534655778179449,
    0.03428146014515262,
    0.03373555227102561,
    0.03334560455203147,
    0.032539506204202755,
    0.03177994893555185,
    0.031452524066922366,
    0.03043481688887906,
    0.030889393929844928,
    0.030248701709487492,
    0.029723357271216458,
    0.0293429568372552,
    0.029520020117646296,
    0.028438162215919896,
    0.02812634152164995,
    0.028065561479701146,
    0.02724425697340575,
    0.02692196017167403,
    0.027172823007814307,
    0.026149923786415282,
    0.02639877965807224,
    0.025872251115668887,
    0.02605276649864537,
    0.02537926821672193,
    0.024845537126612832,
    0.024857528417399296,
    0.024558246564580555,
    0.024829808942656517
  ],
  "client_sizes": [
    335,
    2695,
    897,
    2426,
    884,
    589,
    2380,
    769,
    943,
    2602,
    711,
    3407,
    1088,
    687,
    478,
    773,
    734,
    1700,
    649,
    1608,
    1767,
    1427,
    318,
    383,
    1324,
    1299,
    708,
    788,
    704,
    1121,
    374,
    1167,
    517,
    908,
    366,
    4795,
    1047,
    2527,
    1392,
    580,
    1382,
    258,
    1827,
    363,
    2132,
    516,
    881,
    1377,
    852,
    545
  ],
  "total_time_seconds": 479.2742073535919,
  "final_accuracy": 99.11,
  "final_loss": 0.024829808942656517,
  "best_accuracy": 99.14
}