{
  "dataset": "mnist",
  "strategy": "fedavg",
  "condition": "iid_unequal",
  "seed": 123,
  "num_clients": 50,
  "num_rounds": 50,
  "local_epochs": 1,
  "test_accuracy": [
    9.81,
    89.7,
    94.6,
    95.8,
    96.5,
    97.05,
    97.31,
    97.59,
    97.76,
    97.91,
    98.09,
    98.16,
    98.2,
    98.2,
    98.31,
    98.47,
    98.47,
    98.53,
    98.51,
    98.58,
    98.58,
    98.6,
    98.74,
    98.74,
    98.79,
    98.77,
    98.81,
    98.8,
    98.85,
    98.86,
    98.87,
    98.95,
    98.93,
    98.94,
    98.92,
    98.97,
    98.99,
    99.01,
    99.02,
    98.99,
    99.04,
    99.04,
    99.05,
    99.04,
    99.01,
    99.04,
    99.13,
    99.06,
    99.1,
    99.04,
    99.1
  ],
  "test_loss": [
    2.3127959597225005,
    0.5505438146594995,
    0.18705216126617627,
    0.1360199725160155,
    0.11000959666114087,
    0.092688139078368,
    0.08201442594761207,
    0.07399865724544336,
    0.06827060018412058,
    0.06367401887135306,
    0.05854458284009019,
    0.055690529737837266,
    0.05370581714985386,
    0.05149633237945523,
    0.04924972505029644,
    0.047477593860059335,
    0.04618923519824958,
    0.04485605903969503,
    0.0436603341306193,
    0.041756555176200194,
    0.040867454291659985,
    0.04037732665282486,
    0.03924845986634123,
    0.03810525019804472,
    0.03702451242452443,
    0.03700428381907899,
    0.03556646156166985,
    0.035613657321425074,
    0.0350864172280951,
    0.033663937342026794,
    0.033532079991491395,
    0.03295630584946771,
    0.03231241136709635,
    0.03246327796676751,
    0.03190700556275004,
    0.030620111005023043,
    0.030877325300455453,
    0.030306003943133836,
    0.03062588868649651,
    0.029253393436497813,
    0.029789637789774726,
    0.029241412683151835,
    0.02850062996810757,
    0.0289844488691011,
    0.02870591377000956,
    0.02828989082687961,
    0.02780249412227042,
    0.027469977862632784,
    0.027841277167210528,
    0.028035953992704494,
    0.027109111750689682
  ],
  "client_sizes": [
    325,
    1737,
    537,
    2535,
    45,
    614,
    489,
    810,
    606,
    611,
    1744,
    1161,
    380,
    1935,
    1642,
    219,
    711,
    18,
    1663,
    761,
    403,
    1079,
    634,
    1322,
    3698,
    1183,
    1717,
    3431,
    2664,
    437,
    1625,
    2680,
    448,
    1529,
    2226,
    1541,
    287,
    1015,
    1919,
    321,
    628,
    790,
    2027,
    485,
    677,
    325,
    3183,
    989,
    1905,
    289
  ],
  "total_time_seconds": 477.6483151912689,
  "final_accuracy": 99.1,
  "final_loss": 0.027109111750689682,
  "best_accuracy": 99.13
}