{
  "dataset": "mnist",
  "strategy": "fedavg",
  "condition": "iid_unequal",
  "seed": 789,
  "num_clients": 50,
  "num_rounds": 50,
  "local_epochs": 1,
  "test_accuracy": [
    7.7,
    88.67,
    93.74,
    95.56,
    96.23,
    96.73,
    97.15,
    97.43,
    97.62,
    97.72,
    97.89,
    98.0,
    98.09,
    98.15,
    98.27,
    98.38,
    98.42,
    98.48,
    98.53,
    98.57,
    98.66,
    98.71,
    98.68,
    98.66,
    98.71,
    98.74,
    98.82,
    98.83,
    98.88,
    98.85,
    98.93,
    98.95,
    98.96,
    98.96,
    98.95,
    99.01,
    99.03,
    99.0,
    99.03,
    99.03,
    99.05,
    99.07,
    99.05,
    99.06,
    99.12,
    99.14,
    99.12,
    99.11,
    99.12,
    99.12,
    99.16
  ],
  "test_loss": [
    2.30377158113181,
    0.6873521929541335,
    0.22576930657171976,
    0.15241612909070124,
    0.12054069446974074,
    0.10307740249720138,
    0.0894252040591567,
    0.08172331667098309,
    0.07394593588531036,
    0.0685768216248072,
    0.06363584307149223,
    0.060521944090143776,
    0.056096160033568605,
    0.054081527155190975,
    0.05219833358646015,
    0.04868663887475831,
    0.04796719053861895,
    0.04566560946829869,
    0.043815511888640295,
    0.04258244811771932,
    0.04122308220982309,
    0.04053508149109503,
    0.038922029234527145,
    0.03914031764654323,
    0.03761374364991895,
    0.036589637383354266,
    0.03557169686182272,
    0.03525664325908334,
    0.034527651206675315,
    0.034453592621973776,
    0.032804703707108696,
    0.032143300325965546,
    0.032084683207747836,
    0.03113115606357749,
    0.03134839847045017,
    0.030019076797183363,
    0.02997444562403868,
    0.03017053570968996,
    0.02961529344023796,
    0.02921766287108883,
    0.028517206979517252,
    0.028331610290682548,
    0.02812993946190836,
    0.02781251555739283,
    0.027521921229085835,
    0.027269416611346468,
    0.027043251191182102,
    0.0265848689024698,
    0.025930386588572784,
    0.026715441965192578,
    0.025747804745064197
  ],
  "client_sizes": [
    351,
    517,
    1039,
    398,
    422,
    1988,
    680,
    746,
    1176,
    374,
    1390,
    1309,
    2149,
    948,
    737,
    771,
    1565,
    507,
    3491,
    564,
    1510,
    160,
    89,
    2091,
    909,
    3051,
    2566,
    1232,
    1079,
    2562,
    1129,
    1745,
    1949,
    1007,
    990,
    1368,
    828,
    431,
    1033,
    1029,
    1545,
    886,
    1098,
    247,
    1982,
    638,
    1105,
    1290,
    2584,
    745
  ],
  "total_time_seconds": 474.21300077438354,
  "final_accuracy": 99.16,
  "final_loss": 0.025747804745064197,
  "best_accuracy": 99.16
}