{
  "dataset": "mnist",
  "strategy": "fedmean",
  "condition": "iid_unequal",
  "seed": 1011,
  "num_clients": 50,
  "num_rounds": 50,
  "local_epochs": 1,
  "test_accuracy": [
    9.8,
    83.79,
    89.86,
    93.67,
    94.75,
    95.44,
    96.01,
    96.42,
    96.82,
    97.11,
    97.25,
    97.5,
    97.71,
    97.74,
    97.85,
    97.91,
    98.01,
    98.08,
    98.21,
    98.21,
    98.31,
    98.35,
    98.4,
    98.48,
    98.48,
    98.55,
    98.58,
    98.55,
    98.62,
    98.65,
    98.67,
    98.69,
    98.71,
    98.76,
    98.75,
    98.81,
    98.83,
    98.8,
    98.83,
    98.86,
    98.86,
    98.87,
    98.86,
    98.88,
    98.92,
    98.97,
    98.97,
    99.0,
    99.01,
    99.0,
    98.98
  ],
  "test_loss": [
    2.2979557796027335,
    0.9355200264400567,
    0.3692893421830842,
    0.23073172360396804,
    0.18043643679803076,
    0.14916195308628935,
    0.1292742745416721,
    0.1137403658257958,
    0.10189933925956345,
    0.09160845852144563,
    0.08566445331929769,
    0.0792778186182441,
    0.07270070760787581,
    0.06951036237212964,
    0.06561302818739549,
    0.0621426570816516,
    0.05998430860550746,
    0.057168765426014574,
    0.05448384292023152,
    0.05303407086085672,
    0.05159701889019293,
    0.04905708357781029,
    0.0474127337382846,
    0.046119207900799306,
    0.04555478699786325,
    0.04436160719330674,
    0.04305652512403684,
    0.04191168164564728,
    0.04156567265951676,
    0.039891347361658995,
    0.038738368020812125,
    0.03817101827612111,
    0.03796627767342535,
    0.037390380813124645,
    0.03619343810363768,
    0.035710653074396,
    0.03453865924887951,
    0.034507880947750584,
    0.03388351800258708,
    0.03369411495627422,
    0.03332408473353496,
    0.032323917068099194,
    0.032385115945198606,
    0.03151399400538854,
    0.0311418299946507,
    0.030845072402818925,
    0.031115805246203943,
    0.030342315371990624,
    0.029856084114598547,
    0.029919702533482397,
    0.029727581072449084
  ],
  "client_sizes": [
    335,
    2695,
    897,
    2426,
    884,
    589,
    2380,
    769,
    943,
    2602,
    711,
    3407,
    1088,
    687,
    478,
    773,
    734,
    1700,
    649,
    1608,
    1767,
    1427,
    318,
    383,
    1324,
    1299,
    708,
    788,
    704,
    1121,
    374,
    1167,
    517,
    908,
    366,
    4795,
    1047,
    2527,
    1392,
    580,
    1382,
    258,
    1827,
    363,
    2132,
    516,
    881,
    1377,
    852,
    545
  ],
  "total_time_seconds": 480.34739804267883,
  "final_accuracy": 98.98,
  "final_loss": 0.029727581072449084,
  "best_accuracy": 99.01
}