{
  "dataset": "mnist",
  "strategy": "fedmedian",
  "condition": "iid_unequal",
  "seed": 123,
  "num_clients": 50,
  "num_rounds": 50,
  "local_epochs": 1,
  "test_accuracy": [
    9.81,
    73.98,
    89.33,
    93.17,
    94.41,
    95.06,
    95.43,
    95.83,
    96.18,
    96.29,
    96.67,
    96.74,
    97.05,
    97.15,
    97.3,
    97.27,
    97.33,
    97.4,
    97.5,
    97.6,
    97.62,
    97.66,
    97.67,
    97.72,
    97.8,
    97.85,
    97.88,
    97.94,
    97.98,
    98.02,
    98.08,
    98.11,
    98.11,
    98.13,
    98.18,
    98.23,
    98.18,
    98.28,
    98.26,
    98.29,
    98.32,
    98.36,
    98.4,
    98.39,
    98.37,
    98.39,
    98.4,
    98.41,
    98.43,
    98.43,
    98.43
  ],
  "test_loss": [
    2.3127959597225005,
    1.3599790007161636,
    0.43049692767211045,
    0.2600051447118338,
    0.20050141945207556,
    0.1698058334598764,
    0.14917634144356956,
    0.13430904612293282,
    0.12363425400346137,
    0.1148820319692768,
    0.10710817509362051,
    0.10086975081529194,
    0.09661718616009163,
    0.09128815480232678,
    0.08746435206599933,
    0.0843474482741808,
    0.08144677421185947,
    0.07883914666527067,
    0.0768943266313041,
    0.07450727495328023,
    0.07239808064581195,
    0.07065996103676425,
    0.06858121833136192,
    0.06724367715567485,
    0.0656851436676883,
    0.06447758832455466,
    0.063149640892488,
    0.061864145831013406,
    0.06103070350341534,
    0.05984329796205022,
    0.059119451188701044,
    0.057816422682360764,
    0.05687213382684996,
    0.05636135914975542,
    0.055382235595105085,
    0.05465441852346429,
    0.0538162411209724,
    0.053122588361030634,
    0.05267830535535795,
    0.05216722059226892,
    0.051483513759005596,
    0.050661038426901235,
    0.050355479723415725,
    0.04951837397656666,
    0.04900363690208011,
    0.04878450844331998,
    0.04813963519888629,
    0.04795349508570619,
    0.04754935170223207,
    0.046879175527648184,
    0.046448518819351955
  ],
  "client_sizes": [
    325,
    1737,
    537,
    2535,
    45,
    614,
    489,
    810,
    606,
    611,
    1744,
    1161,
    380,
    1935,
    1642,
    219,
    711,
    18,
    1663,
    761,
    403,
    1079,
    634,
    1322,
    3698,
    1183,
    1717,
    3431,
    2664,
    437,
    1625,
    2680,
    448,
    1529,
    2226,
    1541,
    287,
    1015,
    1919,
    321,
    628,
    790,
    2027,
    485,
    677,
    325,
    3183,
    989,
    1905,
    289
  ],
  "total_time_seconds": 500.9538195133209,
  "final_accuracy": 98.43,
  "final_loss": 0.046448518819351955,
  "best_accuracy": 98.43
}