{
  "dataset": "mnist",
  "strategy": "fedmean",
  "condition": "iid_unequal",
  "seed": 123,
  "num_clients": 50,
  "num_rounds": 50,
  "local_epochs": 1,
  "test_accuracy": [
    9.81,
    86.3,
    92.36,
    94.7,
    95.51,
    96.09,
    96.51,
    96.83,
    97.03,
    97.22,
    97.38,
    97.58,
    97.67,
    97.76,
    97.82,
    97.99,
    98.0,
    98.12,
    98.22,
    98.18,
    98.17,
    98.32,
    98.39,
    98.48,
    98.47,
    98.54,
    98.53,
    98.56,
    98.56,
    98.58,
    98.57,
    98.69,
    98.72,
    98.73,
    98.77,
    98.72,
    98.77,
    98.78,
    98.84,
    98.85,
    98.89,
    98.89,
    98.89,
    98.85,
    98.9,
    98.94,
    98.92,
    98.93,
    98.94,
    98.97,
    98.9
  ],
  "test_loss": [
    2.3127959597225005,
    1.0469046318873811,
    0.2901826595036557,
    0.18485794660929863,
    0.14734407827353324,
    0.12495306658055692,
    0.11008325660119232,
    0.09927725865053363,
    0.09088166809909361,
    0.0837159431600845,
    0.07795932464347706,
    0.07366963406800094,
    0.06938852720472519,
    0.06663077059077298,
    0.06418106015031479,
    0.061114593916552176,
    0.05897037592282654,
    0.05701458920086265,
    0.05456727783568724,
    0.05289518440714308,
    0.05155684196195132,
    0.04994578052589412,
    0.04781901729638601,
    0.046679245991539914,
    0.04546794210598371,
    0.04462808263210558,
    0.04373529073665106,
    0.042336329460041205,
    0.04194823869238753,
    0.04145077917421815,
    0.040367439687868524,
    0.03950378164455279,
    0.03917684061415088,
    0.03855595547544469,
    0.03800446671351829,
    0.037691339401280624,
    0.03692131064171656,
    0.03608451795705409,
    0.03568965511766555,
    0.035080183481456514,
    0.034737924744832345,
    0.03428917214337496,
    0.03393435216041192,
    0.033848011849875854,
    0.033142675089288566,
    0.03268010902206479,
    0.03229615325890975,
    0.032329578614247345,
    0.03175519782730052,
    0.03099593950729161,
    0.031483472726503446
  ],
  "client_sizes": [
    325,
    1737,
    537,
    2535,
    45,
    614,
    489,
    810,
    606,
    611,
    1744,
    1161,
    380,
    1935,
    1642,
    219,
    711,
    18,
    1663,
    761,
    403,
    1079,
    634,
    1322,
    3698,
    1183,
    1717,
    3431,
    2664,
    437,
    1625,
    2680,
    448,
    1529,
    2226,
    1541,
    287,
    1015,
    1919,
    321,
    628,
    790,
    2027,
    485,
    677,
    325,
    3183,
    989,
    1905,
    289
  ],
  "total_time_seconds": 481.5919876098633,
  "final_accuracy": 98.9,
  "final_loss": 0.031483472726503446,
  "best_accuracy": 98.97
}