{
  "dataset": "mnist",
  "strategy": "fedmean",
  "condition": "iid_unequal",
  "seed": 42,
  "num_clients": 50,
  "num_rounds": 50,
  "local_epochs": 1,
  "test_accuracy": [
    12.15,
    81.31,
    90.26,
    93.29,
    94.59,
    95.5,
    95.97,
    96.35,
    96.74,
    96.98,
    97.18,
    97.47,
    97.57,
    97.71,
    97.8,
    97.84,
    97.9,
    97.97,
    98.08,
    98.17,
    98.25,
    98.29,
    98.27,
    98.33,
    98.47,
    98.48,
    98.52,
    98.55,
    98.53,
    98.63,
    98.62,
    98.6,
    98.69,
    98.63,
    98.71,
    98.75,
    98.72,
    98.82,
    98.75,
    98.82,
    98.82,
    98.83,
    98.86,
    98.91,
    98.93,
    98.88,
    98.94,
    98.92,
    98.9,
    98.95,
    98.99
  ],
  "test_loss": [
    2.3024746861320713,
    0.9659797105545433,
    0.3891712219094316,
    0.23789590183562173,
    0.1846155378232582,
    0.1514103281439636,
    0.12904670046338926,
    0.11446166483718105,
    0.10276036049438694,
    0.0939909824655174,
    0.08683281186439942,
    0.08021019120606186,
    0.07594885635461224,
    0.07193462969753861,
    0.06793080917204367,
    0.064624453129075,
    0.06198553179581159,
    0.05933292641945276,
    0.05719733080827072,
    0.05489692482765364,
    0.052677635379904025,
    0.050971406957632255,
    0.04988620676930225,
    0.04846315879515892,
    0.04616472259819018,
    0.04573416690280387,
    0.043932762817470744,
    0.043415282340655205,
    0.0415632202867519,
    0.041371918099225885,
    0.040500371054153536,
    0.03930563057237974,
    0.038880887369507365,
    0.038128079544932664,
    0.03698780247243075,
    0.036410799142494524,
    0.035834537486565454,
    0.03524898816363238,
    0.035112744571903116,
    0.03427073512632076,
    0.03355637167087102,
    0.03378783391267011,
    0.03311164898333371,
    0.03227926131742638,
    0.03191591334047706,
    0.03163598308965564,
    0.031055415419943687,
    0.03130008441172967,
    0.030789630921026982,
    0.0305537104504242,
    0.029992793597679507
  ],
  "client_sizes": [
    1508,
    941,
    871,
    871,
    2930,
    1806,
    712,
    1556,
    1259,
    136,
    422,
    1327,
    2750,
    877,
    666,
    1143,
    633,
    830,
    1039,
    403,
    1871,
    337,
    297,
    1218,
    1772,
    1195,
    958,
    823,
    718,
    2166,
    1336,
    767,
    590,
    1630,
    2132,
    2004,
    504,
    818,
    706,
    906,
    1859,
    2585,
    1372,
    608,
    1021,
    2906,
    1122,
    825,
    881,
    1393
  ],
  "total_time_seconds": 476.6274092197418,
  "final_accuracy": 98.99,
  "final_loss": 0.029992793597679507,
  "best_accuracy": 98.99
}