{
  "dataset": "mnist",
  "strategy": "fedmean",
  "condition": "iid_unequal",
  "seed": 456,
  "num_clients": 50,
  "num_rounds": 50,
  "local_epochs": 1,
  "test_accuracy": [
    9.48,
    86.93,
    91.83,
    94.23,
    95.5,
    96.13,
    96.63,
    96.99,
    97.18,
    97.4,
    97.49,
    97.73,
    97.85,
    97.91,
    98.03,
    98.14,
    98.26,
    98.27,
    98.29,
    98.34,
    98.47,
    98.47,
    98.55,
    98.56,
    98.58,
    98.59,
    98.62,
    98.58,
    98.61,
    98.69,
    98.69,
    98.67,
    98.66,
    98.68,
    98.71,
    98.77,
    98.79,
    98.84,
    98.81,
    98.8,
    98.83,
    98.84,
    98.85,
    98.91,
    98.91,
    98.97,
    98.97,
    98.96,
    98.98,
    99.01,
    99.0
  ],
  "test_loss": [
    2.3023783238931967,
    1.0276811002923276,
    0.3161195369121937,
    0.1972394353641679,
    0.1512862522416888,
    0.12557178753288314,
    0.11141204606583967,
    0.0978526688726119,
    0.0897235372073996,
    0.08119919506115869,
    0.07648690652675755,
    0.07131269765971675,
    0.06671500187266778,
    0.06340262518779853,
    0.06057831011971045,
    0.057837898887715455,
    0.05508781379037061,
    0.05349087482401967,
    0.052364830329371524,
    0.049940942103344835,
    0.04776023585654679,
    0.046421829970537155,
    0.04449157145141383,
    0.044155092072755336,
    0.04265168260330313,
    0.041470324498656674,
    0.041449153905047456,
    0.040973594869360905,
    0.039581125223543866,
    0.03856164515021253,
    0.03784877422531455,
    0.03719260069810727,
    0.037134384219430557,
    0.03599837527900191,
    0.03531225976781896,
    0.034685202565073174,
    0.03427900465873119,
    0.03364941899932213,
    0.03331208068396455,
    0.033540320079391506,
    0.03219599110415033,
    0.03241469539876887,
    0.03151348996875393,
    0.03137404967207568,
    0.030827595951029015,
    0.030445386467220895,
    0.0304647880994292,
    0.029984568543593156,
    0.029680573712743026,
    0.02968796452534644,
    0.028985264187015445
  ],
  "client_sizes": [
    560,
    654,
    2428,
    2838,
    747,
    767,
    358,
    1183,
    3304,
    1876,
    910,
    923,
    416,
    723,
    734,
    776,
    1074,
    2148,
    1812,
    245,
    1597,
    1057,
    1287,
    320,
    2224,
    630,
    1319,
    2226,
    1002,
    1372,
    320,
    449,
    2286,
    930,
    258,
    2990,
    798,
    939,
    1598,
    579,
    1052,
    455,
    1825,
    1230,
    811,
    1984,
    1244,
    1745,
    507,
    490
  ],
  "total_time_seconds": 477.9407436847687,
  "final_accuracy": 99.0,
  "final_loss": 0.028985264187015445,
  "best_accuracy": 99.01
}