{
  "dataset": "mnist",
  "strategy": "fedmedian",
  "condition": "iid_unequal",
  "seed": 42,
  "num_clients": 50,
  "num_rounds": 50,
  "local_epochs": 1,
  "test_accuracy": [
    12.15,
    78.37,
    86.84,
    91.75,
    93.41,
    94.54,
    95.34,
    95.72,
    96.01,
    96.26,
    96.52,
    96.63,
    96.94,
    97.08,
    97.31,
    97.37,
    97.5,
    97.57,
    97.67,
    97.7,
    97.77,
    97.77,
    97.84,
    97.89,
    97.89,
    97.95,
    98.0,
    98.0,
    98.07,
    98.1,
    98.19,
    98.2,
    98.24,
    98.26,
    98.3,
    98.32,
    98.37,
    98.32,
    98.42,
    98.44,
    98.48,
    98.46,
    98.48,
    98.47,
    98.51,
    98.54,
    98.56,
    98.64,
    98.59,
    98.57,
    98.66
  ],
  "test_loss": [
    2.3024746861320713,
    1.1112227925477318,
    0.4942936319798326,
    0.3031839412598374,
    0.23038859510669313,
    0.18937114262715363,
    0.16236777021028934,
    0.14396194844825055,
    0.12870745955052942,
    0.11958306451467945,
    0.10916309710294485,
    0.10208383921166353,
    0.09594981195427442,
    0.09000192033781554,
    0.08576893875172314,
    0.08241953906162788,
    0.07909941493151204,
    0.0761688190957564,
    0.07292569573876037,
    0.07058194556203597,
    0.06732961708691325,
    0.0654712706356467,
    0.06337373028295457,
    0.06184104472235479,
    0.06043850380786733,
    0.05915963919318174,
    0.0573094824253516,
    0.055729087508084946,
    0.05501128389514401,
    0.05388762446307464,
    0.05257726329318902,
    0.051594624779856255,
    0.05052521570085231,
    0.05001523253222825,
    0.04913306894952792,
    0.047948987373678476,
    0.04694150260372252,
    0.046726775487580634,
    0.04580650278105818,
    0.044879288277850996,
    0.044840688967371374,
    0.04412152694630103,
    0.04336375665404896,
    0.0425950083566635,
    0.04225805226951271,
    0.0416714939691274,
    0.04101252625147758,
    0.04049425513412266,
    0.040092264038838664,
    0.039727617782192304,
    0.03940765112270491
  ],
  "client_sizes": [
    1508,
    941,
    871,
    871,
    2930,
    1806,
    712,
    1556,
    1259,
    136,
    422,
    1327,
    2750,
    877,
    666,
    1143,
    633,
    830,
    1039,
    403,
    1871,
    337,
    297,
    1218,
    1772,
    1195,
    958,
    823,
    718,
    2166,
    1336,
    767,
    590,
    1630,
    2132,
    2004,
    504,
    818,
    706,
    906,
    1859,
    2585,
    1372,
    608,
    1021,
    2906,
    1122,
    825,
    881,
    1393
  ],
  "total_time_seconds": 498.5009250640869,
  "final_accuracy": 98.66,
  "final_loss": 0.03940765112270491,
  "best_accuracy": 98.66
}