{
  "dataset": "mnist",
  "strategy": "fedmedian",
  "condition": "iid_unequal",
  "seed": 789,
  "num_clients": 50,
  "num_rounds": 50,
  "local_epochs": 1,
  "test_accuracy": [
    7.7,
    82.03,
    88.43,
    92.94,
    94.56,
    95.23,
    95.72,
    96.09,
    96.45,
    96.58,
    96.86,
    97.13,
    97.19,
    97.32,
    97.5,
    97.52,
    97.58,
    97.69,
    97.81,
    97.85,
    97.93,
    97.95,
    97.99,
    98.02,
    98.12,
    98.12,
    98.12,
    98.19,
    98.25,
    98.21,
    98.29,
    98.26,
    98.25,
    98.38,
    98.37,
    98.42,
    98.39,
    98.42,
    98.43,
    98.41,
    98.48,
    98.46,
    98.51,
    98.52,
    98.51,
    98.52,
    98.56,
    98.6,
    98.53,
    98.58,
    98.61
  ],
  "test_loss": [
    2.30377158113181,
    1.373673312961103,
    0.4453464387752378,
    0.26926976892228327,
    0.19909033253372382,
    0.16602647225089823,
    0.14365572462709378,
    0.12860430596982494,
    0.11593370076890785,
    0.10787883368558801,
    0.1006046458148954,
    0.0934681876145226,
    0.08936024623507925,
    0.08496017238651864,
    0.08118042039064566,
    0.07773389306347876,
    0.07475414003982706,
    0.07192449279880068,
    0.06988853096520117,
    0.0673209660768006,
    0.06592193845714912,
    0.06289649284284818,
    0.06145896191755979,
    0.06013724187179989,
    0.0586517729127732,
    0.05794411915512131,
    0.05599366129011871,
    0.05537477886671916,
    0.05383130970153253,
    0.05326021555332302,
    0.052498582210045865,
    0.05162927194962653,
    0.05045271287489044,
    0.049506038566037774,
    0.04889000139363592,
    0.048078401274516055,
    0.047123543809063154,
    0.04692313865871547,
    0.0458994484126245,
    0.04595609257278422,
    0.04566845660332773,
    0.04427923465074343,
    0.04345211833524358,
    0.04331935425182509,
    0.04307109238260936,
    0.04220074650097137,
    0.042239831023213166,
    0.04133935641679993,
    0.04107147194215464,
    0.040675901681038414,
    0.040032033122218286
  ],
  "client_sizes": [
    351,
    517,
    1039,
    398,
    422,
    1988,
    680,
    746,
    1176,
    374,
    1390,
    1309,
    2149,
    948,
    737,
    771,
    1565,
    507,
    3491,
    564,
    1510,
    160,
    89,
    2091,
    909,
    3051,
    2566,
    1232,
    1079,
    2562,
    1129,
    1745,
    1949,
    1007,
    990,
    1368,
    828,
    431,
    1033,
    1029,
    1545,
    886,
    1098,
    247,
    1982,
    638,
    1105,
    1290,
    2584,
    745
  ],
  "total_time_seconds": 497.8847715854645,
  "final_accuracy": 98.61,
  "final_loss": 0.040032033122218286,
  "best_accuracy": 98.61
}