{
  "dataset": "mnist",
  "strategy": "fedmedian",
  "condition": "iid_unequal",
  "seed": 456,
  "num_clients": 50,
  "num_rounds": 50,
  "local_epochs": 1,
  "test_accuracy": [
    9.48,
    82.85,
    89.01,
    92.84,
    94.34,
    95.25,
    95.77,
    96.16,
    96.54,
    96.84,
    96.98,
    97.17,
    97.19,
    97.42,
    97.51,
    97.53,
    97.64,
    97.74,
    97.79,
    97.82,
    97.94,
    97.98,
    98.0,
    98.14,
    98.17,
    98.27,
    98.29,
    98.3,
    98.33,
    98.33,
    98.37,
    98.4,
    98.45,
    98.47,
    98.47,
    98.56,
    98.54,
    98.56,
    98.61,
    98.59,
    98.62,
    98.6,
    98.62,
    98.6,
    98.64,
    98.65,
    98.61,
    98.68,
    98.64,
    98.65,
    98.67
  ],
  "test_loss": [
    2.3023783238931967,
    1.257910764445893,
    0.42382211895129934,
    0.26129336695606337,
    0.19636968674417882,
    0.1639363635777713,
    0.13916414342939662,
    0.12382982706966492,
    0.11211629455816893,
    0.10249670736191158,
    0.09520856362578575,
    0.08925382942467118,
    0.08576509460379866,
    0.08045664695727553,
    0.07790521709876992,
    0.07408388446069533,
    0.070992488893472,
    0.06896012063144139,
    0.06619766991162976,
    0.06452613818980292,
    0.061967091039217374,
    0.06020854877218003,
    0.05912730900803953,
    0.05709872986472691,
    0.05620297675185387,
    0.05481703060354811,
    0.053638571785391345,
    0.05260550733851886,
    0.052097078729054544,
    0.05050641950071096,
    0.05018839930151083,
    0.04902695047425682,
    0.04833646615047176,
    0.04849975616937078,
    0.047625665374757785,
    0.04625565110872791,
    0.045815869182152615,
    0.04522839941946528,
    0.043712362127860054,
    0.04334851288876962,
    0.04313058481054617,
    0.04287107609714137,
    0.042034160695317686,
    0.04147126745869545,
    0.041634345374573334,
    0.04062957001829832,
    0.040486650544400225,
    0.039863439641774634,
    0.039232630617381,
    0.03931385948659406,
    0.03864452244838779
  ],
  "client_sizes": [
    560,
    654,
    2428,
    2838,
    747,
    767,
    358,
    1183,
    3304,
    1876,
    910,
    923,
    416,
    723,
    734,
    776,
    1074,
    2148,
    1812,
    245,
    1597,
    1057,
    1287,
    320,
    2224,
    630,
    1319,
    2226,
    1002,
    1372,
    320,
    449,
    2286,
    930,
    258,
    2990,
    798,
    939,
    1598,
    579,
    1052,
    455,
    1825,
    1230,
    811,
    1984,
    1244,
    1745,
    507,
    490
  ],
  "total_time_seconds": 499.981538772583,
  "final_accuracy": 98.67,
  "final_loss": 0.03864452244838779,
  "best_accuracy": 98.68
}