{
  "dataset": "mnist",
  "strategy": "fedmean",
  "condition": "iid_unequal",
  "seed": 789,
  "num_clients": 50,
  "num_rounds": 50,
  "local_epochs": 1,
  "test_accuracy": [
    7.7,
    86.07,
    91.8,
    94.3,
    95.44,
    96.01,
    96.43,
    96.72,
    97.01,
    97.27,
    97.41,
    97.57,
    97.68,
    97.88,
    97.82,
    97.93,
    98.01,
    98.13,
    98.19,
    98.24,
    98.28,
    98.3,
    98.38,
    98.41,
    98.43,
    98.48,
    98.55,
    98.56,
    98.56,
    98.68,
    98.68,
    98.7,
    98.73,
    98.76,
    98.72,
    98.75,
    98.79,
    98.81,
    98.81,
    98.8,
    98.85,
    98.84,
    98.88,
    98.88,
    98.91,
    98.94,
    98.99,
    98.96,
    98.95,
    98.98,
    98.97
  ],
  "test_loss": [
    2.30377158113181,
    1.16775985514394,
    0.33434947082600275,
    0.2054342059835125,
    0.16015758211412034,
    0.13318785757998736,
    0.11615420897125293,
    0.10389762075942235,
    0.09480203820441585,
    0.08606010133020443,
    0.08191033577960811,
    0.0759075418971598,
    0.07059803261766032,
    0.06704607666373408,
    0.06442931140795315,
    0.06107030305699014,
    0.058835505999676053,
    0.056294826781485056,
    0.054428900372960005,
    0.051930333538179524,
    0.05093667029330437,
    0.048692376746538694,
    0.04794332939718951,
    0.04689223710975696,
    0.04549245815112768,
    0.04393295987127773,
    0.04290933793720015,
    0.042174378212159365,
    0.04132009354292061,
    0.04003422082621346,
    0.03945010937510675,
    0.038863793236641256,
    0.03804382240070464,
    0.03761481825202241,
    0.03679216782485816,
    0.03616223098404403,
    0.03578271005787251,
    0.035177397715766875,
    0.03501769430348564,
    0.034866015807860876,
    0.03416038256149675,
    0.03367932941903139,
    0.03274892361869003,
    0.03250568280424331,
    0.03222119322439097,
    0.03168893069184927,
    0.031274070196329926,
    0.031154527958714637,
    0.030960653368799048,
    0.030347815972602284,
    0.030159497861199962
  ],
  "client_sizes": [
    351,
    517,
    1039,
    398,
    422,
    1988,
    680,
    746,
    1176,
    374,
    1390,
    1309,
    2149,
    948,
    737,
    771,
    1565,
    507,
    3491,
    564,
    1510,
    160,
    89,
    2091,
    909,
    3051,
    2566,
    1232,
    1079,
    2562,
    1129,
    1745,
    1949,
    1007,
    990,
    1368,
    828,
    431,
    1033,
    1029,
    1545,
    886,
    1098,
    247,
    1982,
    638,
    1105,
    1290,
    2584,
    745
  ],
  "total_time_seconds": 481.84739208221436,
  "final_accuracy": 98.97,
  "final_loss": 0.030159497861199962,
  "best_accuracy": 98.99
}