{
  "dataset": "mnist",
  "strategy": "fedmedian",
  "condition": "iid_unequal",
  "seed": 1011,
  "num_clients": 50,
  "num_rounds": 50,
  "local_epochs": 1,
  "test_accuracy": [
    9.8,
    78.17,
    86.61,
    91.67,
    93.28,
    94.41,
    94.81,
    95.37,
    95.67,
    96.03,
    96.34,
    96.53,
    96.79,
    97.04,
    97.15,
    97.33,
    97.43,
    97.52,
    97.64,
    97.68,
    97.71,
    97.82,
    97.92,
    97.9,
    97.93,
    97.99,
    98.06,
    98.12,
    98.14,
    98.12,
    98.18,
    98.25,
    98.24,
    98.36,
    98.37,
    98.4,
    98.45,
    98.44,
    98.38,
    98.43,
    98.45,
    98.49,
    98.5,
    98.5,
    98.59,
    98.53,
    98.52,
    98.55,
    98.55,
    98.56,
    98.56
  ],
  "test_loss": [
    2.2979557796027335,
    1.0309436060369206,
    0.47102488715427754,
    0.31433980060985295,
    0.2412577277293411,
    0.20035975320211138,
    0.17200671736085518,
    0.1525818289528354,
    0.13865035350104205,
    0.12534221037389182,
    0.11664331607303371,
    0.107760533130692,
    0.10105956223541901,
    0.09540609256535494,
    0.0903740305453167,
    0.08596043080833857,
    0.0817337139556482,
    0.07762632666924855,
    0.0748579091676615,
    0.07274231169335231,
    0.07030276280490104,
    0.06805638922750355,
    0.06566731638738889,
    0.06372633607142765,
    0.06270115604251661,
    0.06040587882072808,
    0.05872239511634503,
    0.0574283903329291,
    0.056664230879031705,
    0.05503177657699623,
    0.05445972137255802,
    0.05307131882790608,
    0.05248894688370005,
    0.05095375138532985,
    0.050208010924405404,
    0.04919342742926001,
    0.048656971163211986,
    0.04786672980191533,
    0.04773114114442242,
    0.04712686639530833,
    0.046157559835926266,
    0.045396561121222,
    0.044487951157949145,
    0.04397079017294214,
    0.043570759525439276,
    0.04332109417097967,
    0.043256465103282904,
    0.04256248108881969,
    0.04182697473830854,
    0.041531600285911546,
    0.04133057270967848
  ],
  "client_sizes": [
    335,
    2695,
    897,
    2426,
    884,
    589,
    2380,
    769,
    943,
    2602,
    711,
    3407,
    1088,
    687,
    478,
    773,
    734,
    1700,
    649,
    1608,
    1767,
    1427,
    318,
    383,
    1324,
    1299,
    708,
    788,
    704,
    1121,
    374,
    1167,
    517,
    908,
    366,
    4795,
    1047,
    2527,
    1392,
    580,
    1382,
    258,
    1827,
    363,
    2132,
    516,
    881,
    1377,
    852,
    545
  ],
  "total_time_seconds": 499.83894419670105,
  "final_accuracy": 98.56,
  "final_loss": 0.04133057270967848,
  "best_accuracy": 98.59
}