{
  "rounds": [
    0,
    0,
    1,
    2,
    3,
    4,
    5,
    6,
    7,
    8,
    9,
    10,
    11,
    12,
    13,
    14,
    15,
    16,
    17,
    18,
    19,
    20
  ],
  "train_loss": [],
  "train_accuracy": [],
  "test_accuracy": [
    8.6,
    33.63,
    43.95,
    47.67,
    50.32,
    52.63,
    55.03,
    57.43,
    59.58,
    60.67,
    62.27,
    63.02,
    64.46,
    65.37,
    66.06,
    66.66,
    67.19,
    67.9,
    68.28,
    69.25,
    69.62
  ],
  "test_loss": [
    2.30501694191759,
    2.131427054968886,
    1.6587680719150142,
    1.494587428653583,
    1.3961316194778053,
    1.3127548172831915,
    1.2418528608620738,
    1.190208433154292,
    1.137628543872041,
    1.0974472724972442,
    1.058763700742691,
    1.0296892723717248,
    1.000669424907087,
    0.9755337563947367,
    0.9556980380615868,
    0.9315054959382493,
    0.9222932465541096,
    0.8991174612182398,
    0.8871981925286424,
    0.8723491913023086,
    0.8632225064804759
  ],
  "heterogeneity_kl": [
    0.5898461469260075
  ],
  "class_imbalance": [
    0.11601136470454662
  ]
}