{
  "rounds": [
    0,
    0,
    1,
    2,
    3,
    4,
    5,
    6,
    7,
    8,
    9,
    10,
    11,
    12,
    13,
    14,
    15,
    16,
    17,
    18,
    19,
    20
  ],
  "train_loss": [],
  "train_accuracy": [],
  "test_accuracy": [
    8.6,
    18.83,
    35.38,
    41.13,
    46.78,
    49.43,
    52.63,
    54.46,
    56.55,
    57.69,
    59.73,
    60.02,
    62.29,
    62.81,
    63.84,
    64.56,
    64.48,
    65.48,
    65.73,
    66.05,
    66.77
  ],
  "test_loss": [
    2.30501694191759,
    2.240803209737467,
    1.9817291281093805,
    1.792814538501703,
    1.6115287275740895,
    1.4899563164756702,
    1.3994489382631101,
    1.3274605597931737,
    1.2517528193065535,
    1.2136398508145025,
    1.1616383560549337,
    1.1326555118393213,
    1.09289210177839,
    1.065950542974015,
    1.0468289218009852,
    1.0190901493492979,
    1.020040026868875,
    0.9900658827620192,
    0.9759407765187395,
    0.9719439217457756,
    0.949851707147714
  ],
  "heterogeneity_kl": [
    1.3950486880500963
  ],
  "class_imbalance": [
    0.20253484894555873
  ]
}