{
  "rounds": [
    0,
    0,
    1,
    2,
    3,
    4,
    5,
    6,
    7,
    8,
    9,
    10,
    11,
    12,
    13,
    14,
    15,
    16,
    17,
    18,
    19,
    20
  ],
  "train_loss": [],
  "train_accuracy": [],
  "test_accuracy": [
    8.6,
    34.09,
    44.11,
    47.56,
    50.53,
    53.34,
    55.89,
    57.44,
    59.83,
    61.2,
    62.45,
    63.56,
    64.63,
    65.54,
    66.53,
    67.3,
    68.43,
    68.76,
    69.28,
    69.77,
    70.49
  ],
  "test_loss": [
    2.30501694191759,
    2.067778410241246,
    1.6261131047440793,
    1.474877809945006,
    1.382541138904925,
    1.318754514756675,
    1.2673984946915136,
    1.2015205606484947,
    1.142224779525123,
    1.1001779916949166,
    1.0614976646801153,
    1.0302533480686882,
    1.0010035622615021,
    0.974123582291527,
    0.947327440348677,
    0.9237151361121156,
    0.9085967243669894,
    0.8911597164103779,
    0.8794949262286909,
    0.8669287376700879,
    0.8510525168511814
  ],
  "heterogeneity_kl": [
    0.3330350451797084
  ],
  "class_imbalance": [
    0.0831182520698999
  ]
}