{
  "rounds": [
    0,
    0,
    1,
    2,
    3,
    4,
    5,
    6,
    7,
    8,
    9,
    10,
    11,
    12,
    13,
    14,
    15,
    16,
    17,
    18,
    19,
    20
  ],
  "train_loss": [],
  "train_accuracy": [],
  "test_accuracy": [
    8.6,
    13.27,
    21.21,
    24.95,
    26.3,
    27.7,
    30.33,
    29.2,
    31.46,
    31.81,
    32.45,
    33.68,
    34.82,
    36.35,
    37.62,
    38.91,
    40.69,
    39.96,
    43.0,
    43.47,
    43.72
  ],
  "test_loss": [
    2.30501694191759,
    2.296759270250607,
    2.2487574233033785,
    2.170666106592733,
    2.094765884426836,
    2.033756582881696,
    1.9662488356185035,
    1.9158552660347936,
    1.8675705388712045,
    1.8270541242898082,
    1.7871717648765149,
    1.7545745418475458,
    1.7191463411806491,
    1.6904279111673275,
    1.6683239342686467,
    1.6385243963509704,
    1.6175008349525282,
    1.609934023774851,
    1.5734336863691434,
    1.554987643092585,
    1.5469715564776534
  ],
  "heterogeneity_kl": [
    1.3950486880500963
  ],
  "class_imbalance": [
    0.20253484894555873
  ]
}