{
  "rounds": [
    0,
    0,
    1,
    2,
    3,
    4,
    5,
    6,
    7,
    8,
    9,
    10,
    11,
    12,
    13,
    14,
    15,
    16,
    17,
    18,
    19,
    20
  ],
  "train_loss": [],
  "train_accuracy": [],
  "test_accuracy": [
    8.6,
    17.77,
    30.17,
    39.6,
    43.23,
    45.98,
    47.84,
    49.36,
    51.27,
    52.53,
    54.42,
    55.99,
    57.03,
    58.01,
    59.03,
    60.03,
    61.18,
    61.84,
    62.68,
    63.25,
    63.79
  ],
  "test_loss": [
    2.30501694191759,
    2.2601240222065595,
    1.931466256467679,
    1.6828844871003026,
    1.553868916088019,
    1.4810272131484157,
    1.4162915232844246,
    1.3794690979936253,
    1.322411432624244,
    1.281363529328721,
    1.2426437442295086,
    1.2051359900651268,
    1.1797004324940448,
    1.152395064647967,
    1.1204505526600554,
    1.0979421470111932,
    1.0748373549967147,
    1.056812744361524,
    1.035699987373413,
    1.0175816192032812,
    1.0019446712332412
  ],
  "heterogeneity_kl": [
    0.5898461469260075
  ],
  "class_imbalance": [
    0.11601136470454662
  ]
}