{
  "rounds": [
    0,
    0,
    1,
    2,
    3,
    4,
    5,
    6,
    7,
    8,
    9,
    10,
    11,
    12,
    13,
    14,
    15,
    16,
    17,
    18,
    19,
    20
  ],
  "train_loss": [],
  "train_accuracy": [],
  "test_accuracy": [
    8.6,
    26.45,
    40.58,
    44.09,
    46.53,
    49.08,
    50.93,
    53.13,
    55.01,
    56.95,
    57.97,
    59.59,
    60.98,
    62.04,
    63.14,
    63.98,
    64.89,
    65.7,
    66.13,
    66.56,
    67.19
  ],
  "test_loss": [
    2.30501694191759,
    2.2089030163737533,
    1.7709651610340935,
    1.5881483455816396,
    1.4824058160233422,
    1.417465721837248,
    1.362109003737331,
    1.3007512050695693,
    1.253741608450588,
    1.2140006383006183,
    1.17122170967035,
    1.1322004463725959,
    1.1059233205387007,
    1.0708889768908199,
    1.0426512059693138,
    1.0148797143762485,
    0.9936799825951695,
    0.9756343798896375,
    0.9565840592018713,
    0.9350789728256079,
    0.9253675981451528
  ],
  "heterogeneity_kl": [
    0.3330350451797084
  ],
  "class_imbalance": [
    0.0831182520698999
  ]
}