{
  "rounds": [
    0,
    0,
    1,
    2,
    3,
    4,
    5,
    6,
    7,
    8,
    9,
    10,
    11,
    12,
    13,
    14,
    15,
    16,
    17,
    18,
    19,
    20
  ],
  "train_loss": [],
  "train_accuracy": [],
  "test_accuracy": [
    8.6,
    8.6,
    8.6,
    8.6,
    8.6,
    8.6,
    8.6,
    8.6,
    8.6,
    8.6,
    8.6,
    8.6,
    8.6,
    8.6,
    8.6,
    8.6,
    8.6,
    8.6,
    8.6,
    8.6,
    8.6
  ],
  "test_loss": [
    2.30501694191759,
    2.30501694191759,
    2.30501694191759,
    2.30501694191759,
    2.30501694191759,
    2.30501694191759,
    2.30501694191759,
    2.30501694191759,
    2.30501694191759,
    2.30501694191759,
    2.30501694191759,
    2.30501694191759,
    2.30501694191759,
    2.30501694191759,
    2.30501694191759,
    2.30501694191759,
    2.30501694191759,
    2.30501694191759,
    2.30501694191759,
    2.30501694191759,
    2.30501694191759
  ],
  "heterogeneity_kl": [
    1.3950486880500963
  ],
  "class_imbalance": [
    0.20253484894555873
  ]
}