{
  "dataset": "cifar10",
  "strategy": "fedavg",
  "condition": "iid_unequal",
  "seed": 456,
  "num_clients": 50,
  "num_rounds": 50,
  "local_epochs": 1,
  "test_accuracy": [
    10.5,
    27.66,
    29.69,
    35.75,
    39.87,
    42.08,
    43.88,
    45.06,
    46.51,
    47.67,
    48.29,
    49.23,
    50.06,
    50.95,
    51.3,
    52.4,
    52.84,
    53.46,
    54.23,
    54.62,
    55.85,
    56.15,
    56.58,
    57.01,
    57.84,
    58.25,
    58.84,
    59.22,
    59.94,
    60.25,
    60.85,
    61.4,
    61.59,
    62.05,
    62.58,
    62.64,
    63.2,
    63.5,
    63.69,
    64.21,
    64.62,
    64.83,
    64.97,
    65.23,
    65.8,
    65.97,
    66.28,
    66.26,
    66.58,
    66.99,
    66.76
  ],
  "test_loss": [
    2.301283297828211,
    2.115254205636704,
    1.9374862555116892,
    1.8081710936543278,
    1.7082959249758491,
    1.6399162390742439,
    1.5974931686450118,
    1.5474722827204501,
    1.503864778878209,
    1.4703929576630028,
    1.441020708876296,
    1.4236699415091127,
    1.3894243842115799,
    1.380774812576489,
    1.364660327807783,
    1.337323957738785,
    1.3216318766149089,
    1.31100071581027,
    1.291350038859029,
    1.2841137358174919,
    1.2619041703379572,
    1.2500320495888828,
    1.2276267813036617,
    1.2233124118262586,
    1.198785424422913,
    1.1949348474462953,
    1.180586017168368,
    1.1690686377473534,
    1.1539020467870913,
    1.144966840363158,
    1.1206339999509696,
    1.1185246111866765,
    1.1025721406022582,
    1.0916048665397085,
    1.0767775033228695,
    1.0704136170899143,
    1.072447942659116,
    1.059007630180627,
    1.0467992344984232,
    1.0347192980610906,
    1.0237756323890563,
    1.023181311048258,
    1.0118359988108991,
    1.0059942250815443,
    0.9927819887289224,
    0.9868315300240684,
    0.9791215458236182,
    0.9734321748867584,
    0.969363525843087,
    0.9659166257983198,
    0.9567266489370182
  ],
  "client_sizes": [
    467,
    545,
    2023,
    2365,
    623,
    639,
    298,
    986,
    2754,
    1563,
    758,
    769,
    346,
    603,
    611,
    647,
    895,
    1790,
    1510,
    204,
    1331,
    881,
    1073,
    267,
    1853,
    525,
    1099,
    1855,
    835,
    1143,
    267,
    374,
    1905,
    775,
    215,
    2492,
    665,
    783,
    1332,
    482,
    877,
    379,
    1521,
    1025,
    676,
    1653,
    1037,
    1454,
    422,
    408
  ],
  "total_time_seconds": 2931.919147491455,
  "final_accuracy": 66.76,
  "final_loss": 0.9567266489370182,
  "best_accuracy": 66.99
}