{
  "dataset": "cifar10",
  "strategy": "fedavg",
  "condition": "iid_unequal",
  "seed": 123,
  "num_clients": 50,
  "num_rounds": 50,
  "local_epochs": 1,
  "test_accuracy": [
    13.82,
    27.78,
    32.56,
    38.57,
    41.5,
    43.8,
    45.25,
    46.61,
    47.82,
    48.97,
    50.35,
    50.38,
    51.46,
    52.08,
    52.99,
    53.84,
    54.5,
    55.34,
    56.22,
    56.56,
    56.96,
    57.55,
    58.57,
    58.65,
    59.44,
    59.68,
    60.21,
    60.59,
    61.32,
    61.84,
    62.1,
    63.02,
    63.72,
    63.51,
    63.69,
    64.35,
    64.88,
    65.01,
    65.22,
    65.76,
    65.68,
    66.18,
    66.48,
    66.66,
    66.98,
    67.04,
    67.64,
    68.06,
    67.98,
    67.54,
    68.2
  ],
  "test_loss": [
    2.3030933412119223,
    2.0976766972496104,
    1.9081644002621927,
    1.7817504047966612,
    1.6737726549751841,
    1.6054191067576788,
    1.5478620544409218,
    1.49898503611263,
    1.467179436653186,
    1.4346698065535328,
    1.4075319290922854,
    1.3887455592901943,
    1.3644612486750936,
    1.3567736598249442,
    1.3248411491275214,
    1.3125821816654633,
    1.2969443000162753,
    1.273209855008049,
    1.2564729699692405,
    1.2447033113184067,
    1.2303727756673917,
    1.2085536209919963,
    1.1937391375200437,
    1.173984902354475,
    1.171175742111267,
    1.148298019989611,
    1.1376307726668093,
    1.1215347996154152,
    1.1090133868086451,
    1.0975543523367983,
    1.0910966765766326,
    1.0717130347181814,
    1.0525529803559421,
    1.0470524759719166,
    1.04776579332047,
    1.0300845591404948,
    1.016833836659075,
    1.0164564194770667,
    1.0070066549145757,
    0.9929844253360273,
    0.9892838366877157,
    0.9833407910487142,
    0.9774032157069197,
    0.9655642991248792,
    0.9573698796022433,
    0.9563419790313648,
    0.9518018006897582,
    0.9453938253009662,
    0.9395415137370173,
    0.937039465949939,
    0.9300153278314267
  ],
  "client_sizes": [
    271,
    1447,
    448,
    2112,
    37,
    511,
    408,
    675,
    505,
    509,
    1453,
    968,
    317,
    1612,
    1368,
    182,
    593,
    15,
    1386,
    634,
    336,
    899,
    529,
    1101,
    3081,
    986,
    1431,
    2859,
    2220,
    364,
    1354,
    2233,
    373,
    1274,
    1855,
    1284,
    239,
    846,
    1599,
    267,
    523,
    659,
    1689,
    404,
    564,
    271,
    2652,
    824,
    1588,
    245
  ],
  "total_time_seconds": 3259.697293996811,
  "final_accuracy": 68.2,
  "final_loss": 0.9300153278314267,
  "best_accuracy": 68.2
}