{
  "dataset": "cifar10",
  "strategy": "fedavg",
  "condition": "iid_unequal",
  "seed": 42,
  "num_clients": 50,
  "num_rounds": 50,
  "local_epochs": 1,
  "test_accuracy": [
    8.6,
    23.47,
    29.26,
    33.33,
    37.79,
    40.67,
    41.93,
    43.5,
    45.11,
    46.09,
    47.31,
    48.13,
    49.07,
    49.8,
    50.4,
    51.23,
    51.71,
    52.54,
    52.43,
    53.45,
    53.68,
    54.32,
    55.22,
    55.82,
    55.6,
    56.75,
    56.74,
    57.74,
    58.31,
    58.87,
    59.28,
    59.81,
    60.36,
    60.17,
    61.12,
    61.4,
    62.07,
    62.22,
    62.5,
    62.92,
    62.97,
    63.54,
    63.82,
    64.0,
    64.05,
    64.58,
    65.07,
    65.24,
    65.74,
    66.03,
    65.92
  ],
  "test_loss": [
    2.30501694191759,
    2.1908673630735747,
    1.9858432155066785,
    1.8901325224306638,
    1.7841573656557468,
    1.6948717939206206,
    1.6398286259593293,
    1.5851655421546473,
    1.5465616460044544,
    1.5156339266048833,
    1.4860748810509143,
    1.4589046548349789,
    1.4384034015119267,
    1.4110113572769654,
    1.399085428006352,
    1.3797809955791924,
    1.3708983964432542,
    1.3480986337692211,
    1.3380847837978278,
    1.3190687708199595,
    1.3026617786373955,
    1.2836326838682255,
    1.2780829770877338,
    1.2615794038620238,
    1.2478010250737492,
    1.230663082089287,
    1.2158534408758244,
    1.201059567852142,
    1.1963504705185326,
    1.1822024349587412,
    1.1653427894884787,
    1.1649040532188293,
    1.146900416182253,
    1.1353867632893329,
    1.123370138220132,
    1.114445387174527,
    1.1008038387511865,
    1.094186596786633,
    1.08479156471289,
    1.0692346604487386,
    1.0651963530257107,
    1.0547644825408253,
    1.047578314622751,
    1.0460789483576156,
    1.0329091505120738,
    1.0219386235212746,
    1.0188569826439928,
    1.0101184168943582,
    1.0105911811319783,
    0.9970498888637311,
    0.99590714061603
  ],
  "client_sizes": [
    1257,
    784,
    725,
    725,
    2441,
    1505,
    593,
    1297,
    1049,
    113,
    352,
    1106,
    2292,
    730,
    555,
    952,
    527,
    692,
    866,
    336,
    1559,
    281,
    248,
    1015,
    1477,
    996,
    799,
    686,
    598,
    1805,
    1113,
    639,
    491,
    1358,
    1776,
    1670,
    420,
    681,
    588,
    755,
    1549,
    2154,
    1144,
    506,
    851,
    2422,
    935,
    687,
    734,
    1166
  ],
  "total_time_seconds": 2926.7226276397705,
  "final_accuracy": 65.92,
  "final_loss": 0.99590714061603,
  "best_accuracy": 66.03
}