{
  "dataset": "cifar10",
  "strategy": "fedavg",
  "condition": "iid_unequal",
  "seed": 1011,
  "num_clients": 50,
  "num_rounds": 50,
  "local_epochs": 1,
  "test_accuracy": [
    10.01,
    28.7,
    31.63,
    36.95,
    40.67,
    42.75,
    44.73,
    46.24,
    47.22,
    48.7,
    48.94,
    50.08,
    51.08,
    51.65,
    52.55,
    53.15,
    53.79,
    54.49,
    54.75,
    55.57,
    55.96,
    56.76,
    57.55,
    57.83,
    58.41,
    58.46,
    59.31,
    59.75,
    60.73,
    60.63,
    61.35,
    61.64,
    62.1,
    62.44,
    62.87,
    63.34,
    63.71,
    64.18,
    64.84,
    64.93,
    65.29,
    65.46,
    65.78,
    66.02,
    66.29,
    66.85,
    67.19,
    67.25,
    67.42,
    67.75,
    68.11
  ],
  "test_loss": [
    2.30319732370468,
    2.146290404347185,
    1.9300117039451965,
    1.8030477202357575,
    1.7003796477668203,
    1.6203099489212036,
    1.5699840064246815,
    1.5199957206226384,
    1.4796122712449145,
    1.4587966375076733,
    1.4255032440343984,
    1.413655465403304,
    1.3932031773911497,
    1.3678068455796653,
    1.3402258376724803,
    1.3263688420716184,
    1.3142333451551371,
    1.287973488672092,
    1.273683292606768,
    1.25909952690807,
    1.238459156153682,
    1.225862117049793,
    1.2073416896521474,
    1.1995304933371254,
    1.1856821337446999,
    1.1713404716394198,
    1.1514224099655883,
    1.1381512560402622,
    1.1251558227280078,
    1.116896404054599,
    1.098039100154901,
    1.0935743148334491,
    1.0827615211566035,
    1.070669780333583,
    1.0545071647190059,
    1.0474038923891207,
    1.0353104068448369,
    1.033720419810603,
    1.0192866392028979,
    1.0139024914644015,
    0.997377123695593,
    0.9954414156298287,
    0.9827509901394098,
    0.9769097206691584,
    0.9748603747294734,
    0.9604760918754358,
    0.9554810706799785,
    0.9555415071237582,
    0.9430592151495595,
    0.9353872927994774,
    0.9308301705521898
  ],
  "client_sizes": [
    279,
    2246,
    747,
    2021,
    736,
    491,
    1983,
    641,
    786,
    2168,
    592,
    2839,
    907,
    572,
    398,
    644,
    612,
    1417,
    541,
    1340,
    1473,
    1189,
    265,
    319,
    1103,
    1082,
    590,
    657,
    587,
    934,
    312,
    973,
    430,
    756,
    305,
    3996,
    873,
    2105,
    1160,
    484,
    1152,
    215,
    1522,
    303,
    1777,
    430,
    734,
    1148,
    710,
    456
  ],
  "total_time_seconds": 2947.1887109279633,
  "final_accuracy": 68.11,
  "final_loss": 0.9308301705521898,
  "best_accuracy": 68.11
}