{
  "dataset": "cifar10",
  "strategy": "fedavg",
  "condition": "iid_unequal",
  "seed": 789,
  "num_clients": 50,
  "num_rounds": 50,
  "local_epochs": 1,
  "test_accuracy": [
    8.28,
    22.96,
    30.64,
    36.01,
    40.59,
    42.52,
    44.23,
    45.8,
    46.67,
    47.95,
    48.47,
    49.89,
    50.68,
    51.15,
    51.4,
    52.29,
    52.82,
    53.59,
    53.94,
    54.28,
    55.01,
    55.72,
    56.23,
    57.09,
    57.08,
    57.88,
    58.37,
    58.72,
    59.43,
    59.67,
    60.31,
    60.9,
    61.37,
    61.74,
    61.86,
    62.62,
    63.39,
    63.47,
    63.87,
    64.52,
    64.44,
    64.87,
    65.3,
    65.43,
    65.84,
    65.82,
    66.0,
    66.38,
    66.59,
    66.91,
    67.23
  ],
  "test_loss": [
    2.309495439925514,
    2.1413041829301145,
    1.9427798354206756,
    1.8297278801092325,
    1.7130881894510774,
    1.6429728399069545,
    1.5793742128073598,
    1.537039310406572,
    1.508408005626057,
    1.4702398807476884,
    1.4472882778118974,
    1.4197753823984165,
    1.395731937580596,
    1.3845038223571289,
    1.3686076840653587,
    1.345842994440097,
    1.3383463434517955,
    1.3178599438728236,
    1.3025299040273355,
    1.2909630944553656,
    1.2784298260371907,
    1.2651564800701203,
    1.2417506238523002,
    1.2293087440176893,
    1.216044558122897,
    1.1996032951738889,
    1.1930293831200645,
    1.1806568341514172,
    1.1603841951099068,
    1.1507714493586993,
    1.1407682792828107,
    1.1247772467783845,
    1.1210393389573874,
    1.1062590137076453,
    1.1035201918964568,
    1.0841761865554906,
    1.0725912128012782,
    1.0657197231301865,
    1.0502540347294305,
    1.0428124849026956,
    1.0296067886840041,
    1.0279735818076818,
    1.0186970264386064,
    1.014395271627286,
    1.0107986597588268,
    0.9977409719659117,
    0.9937239296900959,
    0.9876173875583246,
    0.9805597044027652,
    0.9805429610200583,
    0.9667626752640112
  ],
  "client_sizes": [
    292,
    431,
    866,
    332,
    352,
    1657,
    567,
    621,
    980,
    312,
    1158,
    1091,
    1791,
    790,
    614,
    642,
    1304,
    422,
    2909,
    470,
    1259,
    133,
    74,
    1742,
    757,
    2542,
    2139,
    1027,
    899,
    2135,
    940,
    1454,
    1624,
    839,
    825,
    1140,
    690,
    359,
    861,
    857,
    1287,
    738,
    915,
    206,
    1652,
    532,
    921,
    1075,
    2153,
    624
  ],
  "total_time_seconds": 2940.734046936035,
  "final_accuracy": 67.23,
  "final_loss": 0.9667626752640112,
  "best_accuracy": 67.23
}