{
  "dataset": "cifar10",
  "strategy": "fedmean",
  "condition": "iid_unequal",
  "seed": 789,
  "num_clients": 50,
  "num_rounds": 50,
  "local_epochs": 1,
  "test_accuracy": [
    8.28,
    23.79,
    28.45,
    31.68,
    36.24,
    39.09,
    41.09,
    42.72,
    44.48,
    45.46,
    46.17,
    47.48,
    48.07,
    48.45,
    49.26,
    50.07,
    50.25,
    50.9,
    51.37,
    51.6,
    52.24,
    52.25,
    52.93,
    53.32,
    53.81,
    54.6,
    54.64,
    54.89,
    55.6,
    55.99,
    56.23,
    56.6,
    57.03,
    57.51,
    57.52,
    58.03,
    58.21,
    58.66,
    59.08,
    59.4,
    60.1,
    60.34,
    60.63,
    61.21,
    61.46,
    61.58,
    61.7,
    62.13,
    62.33,
    62.76,
    63.06
  ],
  "test_loss": [
    2.309495439925514,
    2.1867904008006134,
    2.004996702313042,
    1.9132339882012754,
    1.8218833036696949,
    1.7382303563931498,
    1.676884712121738,
    1.6223717333790593,
    1.5822629265891859,
    1.5466176183840719,
    1.5170940971983888,
    1.4914271069791751,
    1.4681611845668512,
    1.4530367550377647,
    1.4378561387046838,
    1.4232683570240252,
    1.4026988864706729,
    1.3958976885762078,
    1.3800736290578264,
    1.3645104706858675,
    1.3473674919658576,
    1.3411447535307643,
    1.328687152352196,
    1.3130402505969088,
    1.3021868733933177,
    1.293122918080217,
    1.2874707530100886,
    1.2713588847519872,
    1.2595868453431054,
    1.2549066956812582,
    1.242798975671823,
    1.2330848083328516,
    1.2272381293126189,
    1.2141934061964479,
    1.2090577578392272,
    1.1903811470388224,
    1.1870954714644069,
    1.175826184475384,
    1.1676382100620208,
    1.15758215276578,
    1.1437612118812415,
    1.137023905214791,
    1.126573760288592,
    1.117942097468879,
    1.1164191706112017,
    1.109083352187952,
    1.098755188452931,
    1.0908847942519873,
    1.0809009791182254,
    1.0746247688421426,
    1.0666665202512529
  ],
  "client_sizes": [
    292,
    431,
    866,
    332,
    352,
    1657,
    567,
    621,
    980,
    312,
    1158,
    1091,
    1791,
    790,
    614,
    642,
    1304,
    422,
    2909,
    470,
    1259,
    133,
    74,
    1742,
    757,
    2542,
    2139,
    1027,
    899,
    2135,
    940,
    1454,
    1624,
    839,
    825,
    1140,
    690,
    359,
    861,
    857,
    1287,
    738,
    915,
    206,
    1652,
    532,
    921,
    1075,
    2153,
    624
  ],
  "total_time_seconds": 2935.9191143512726,
  "final_accuracy": 63.06,
  "final_loss": 1.0666665202512529,
  "best_accuracy": 63.06
}