{
  "dataset": "cifar10",
  "strategy": "fedmedian",
  "condition": "iid_unequal",
  "seed": 789,
  "num_clients": 50,
  "num_rounds": 50,
  "local_epochs": 1,
  "test_accuracy": [
    8.28,
    21.88,
    25.8,
    28.79,
    30.66,
    34.05,
    35.81,
    38.63,
    40.16,
    41.41,
    42.49,
    43.42,
    43.98,
    45.23,
    46.05,
    46.07,
    46.94,
    47.86,
    47.66,
    48.19,
    49.02,
    49.51,
    49.54,
    50.24,
    50.16,
    50.44,
    50.76,
    50.96,
    51.54,
    51.74,
    51.8,
    52.03,
    52.49,
    52.86,
    52.88,
    53.25,
    53.37,
    53.7,
    53.91,
    54.27,
    54.84,
    54.65,
    55.63,
    55.66,
    55.78,
    55.92,
    56.28,
    56.79,
    57.05,
    57.13,
    57.35
  ],
  "test_loss": [
    2.309495439925514,
    2.2342388012919563,
    2.068857200610371,
    1.983229452047866,
    1.9262199199999483,
    1.8665098884996896,
    1.812116803833471,
    1.756770344968802,
    1.6961700390703,
    1.6608393919734528,
    1.6218035323932147,
    1.5995832761636557,
    1.5711716143087076,
    1.5509722994539303,
    1.5318708690210654,
    1.5091367994253628,
    1.492294741895633,
    1.4862290959769544,
    1.4709252442795628,
    1.4575415640212477,
    1.4474941850089418,
    1.4325997014396108,
    1.421518873101987,
    1.409760754329328,
    1.4057184492056363,
    1.3977063178254392,
    1.3847826528853882,
    1.3801042108109203,
    1.369435199914268,
    1.362989760054567,
    1.3615371683915964,
    1.3433497679500153,
    1.3398354782844886,
    1.3357261449765092,
    1.324565840986209,
    1.317724548399258,
    1.305498837662962,
    1.3012729073865725,
    1.2915704273187314,
    1.2884075656866494,
    1.277679686157848,
    1.2735065556943608,
    1.2682443160218553,
    1.2585247589376407,
    1.251028851198312,
    1.2485267567558411,
    1.2388221398710062,
    1.2308860335487146,
    1.227436792545806,
    1.2151686480631843,
    1.2122873418247357
  ],
  "client_sizes": [
    292,
    431,
    866,
    332,
    352,
    1657,
    567,
    621,
    980,
    312,
    1158,
    1091,
    1791,
    790,
    614,
    642,
    1304,
    422,
    2909,
    470,
    1259,
    133,
    74,
    1742,
    757,
    2542,
    2139,
    1027,
    899,
    2135,
    940,
    1454,
    1624,
    839,
    825,
    1140,
    690,
    359,
    861,
    857,
    1287,
    738,
    915,
    206,
    1652,
    532,
    921,
    1075,
    2153,
    624
  ],
  "total_time_seconds": 2956.111212491989,
  "final_accuracy": 57.35,
  "final_loss": 1.2122873418247357,
  "best_accuracy": 57.35
}