{
  "dataset": "cifar10",
  "strategy": "fedmean",
  "condition": "iid_unequal",
  "seed": 123,
  "num_clients": 50,
  "num_rounds": 50,
  "local_epochs": 1,
  "test_accuracy": [
    13.82,
    26.23,
    29.54,
    32.97,
    36.66,
    39.34,
    41.2,
    42.82,
    44.49,
    45.51,
    46.69,
    47.44,
    48.29,
    48.77,
    49.3,
    49.72,
    50.45,
    51.09,
    51.64,
    52.06,
    52.48,
    53.12,
    53.35,
    53.68,
    54.19,
    54.5,
    55.24,
    55.41,
    56.01,
    56.34,
    56.52,
    56.9,
    57.15,
    57.59,
    58.14,
    58.3,
    58.54,
    58.68,
    59.53,
    59.54,
    60.24,
    60.5,
    60.57,
    60.86,
    61.47,
    61.73,
    62.18,
    62.05,
    62.74,
    62.49,
    63.03
  ],
  "test_loss": [
    2.3030933412119223,
    2.167668926068388,
    2.0013891797477066,
    1.9044703488913588,
    1.813339680147628,
    1.7359622895908051,
    1.6755338137903915,
    1.6250838513572377,
    1.581167267915159,
    1.537614830766623,
    1.4961871769481574,
    1.478463356106426,
    1.4490957168725351,
    1.4309991419124908,
    1.4156323465676353,
    1.405241124546185,
    1.3871065469595572,
    1.3714777642545608,
    1.3640082815584664,
    1.343419348089078,
    1.3335038332131723,
    1.3255702664676947,
    1.3110148047867674,
    1.299147926770841,
    1.2874403953933107,
    1.2818967534330326,
    1.268733311956302,
    1.2605748622181316,
    1.2464871894056424,
    1.2399098237101642,
    1.2267821991024688,
    1.2204029337285807,
    1.208944969474317,
    1.197209416867826,
    1.1888165321593849,
    1.178854658009526,
    1.172788946202007,
    1.162558140846106,
    1.1478008500303323,
    1.1420028066863648,
    1.1323111925643092,
    1.1221110868377808,
    1.1132718958793737,
    1.1106113024032154,
    1.0972585933277021,
    1.0850892095520093,
    1.0794227784053205,
    1.0719740609772288,
    1.0662316796116935,
    1.058348090313494,
    1.0496622720084632
  ],
  "client_sizes": [
    271,
    1447,
    448,
    2112,
    37,
    511,
    408,
    675,
    505,
    509,
    1453,
    968,
    317,
    1612,
    1368,
    182,
    593,
    15,
    1386,
    634,
    336,
    899,
    529,
    1101,
    3081,
    986,
    1431,
    2859,
    2220,
    364,
    1354,
    2233,
    373,
    1274,
    1855,
    1284,
    239,
    846,
    1599,
    267,
    523,
    659,
    1689,
    404,
    564,
    271,
    2652,
    824,
    1588,
    245
  ],
  "total_time_seconds": 2975.127566576004,
  "final_accuracy": 63.03,
  "final_loss": 1.0496622720084632,
  "best_accuracy": 63.03
}