{
  "dataset": "cifar10",
  "strategy": "fedmean",
  "condition": "iid_unequal",
  "seed": 456,
  "num_clients": 50,
  "num_rounds": 50,
  "local_epochs": 1,
  "test_accuracy": [
    10.5,
    24.21,
    28.09,
    31.74,
    35.71,
    38.82,
    40.92,
    42.04,
    43.62,
    44.32,
    45.48,
    46.35,
    47.37,
    47.94,
    49.07,
    49.86,
    50.0,
    50.29,
    50.88,
    51.46,
    51.81,
    52.42,
    52.84,
    53.45,
    53.76,
    54.53,
    54.72,
    55.12,
    55.74,
    56.06,
    56.26,
    56.97,
    56.88,
    57.94,
    58.07,
    57.97,
    58.68,
    59.18,
    59.6,
    59.55,
    60.14,
    60.5,
    60.74,
    61.39,
    61.42,
    62.13,
    62.19,
    62.79,
    62.91,
    63.03,
    63.29
  ],
  "test_loss": [
    2.301283297828211,
    2.1690179433304664,
    2.0043862844808413,
    1.9114084506568056,
    1.8237258523416977,
    1.7396339353281087,
    1.6767555600918902,
    1.6291701667986738,
    1.5848786739495615,
    1.5587232943160085,
    1.5265295692145253,
    1.4941868161241088,
    1.4756546755568287,
    1.457573749005985,
    1.43542766647217,
    1.412614844858456,
    1.3999784495502996,
    1.393710558406842,
    1.3739869800238564,
    1.3597393155859683,
    1.3533715689525057,
    1.333307533408887,
    1.3191625851030928,
    1.311233895464827,
    1.3002167311720192,
    1.2897266671299554,
    1.2797421847288601,
    1.2681919025917785,
    1.258687738031625,
    1.2521737909164672,
    1.242534740854757,
    1.228810500222654,
    1.2233148596157282,
    1.2070801414239902,
    1.1993786256534222,
    1.19562857924178,
    1.1810487638266323,
    1.168243148075506,
    1.1610876312271095,
    1.1542462641819597,
    1.1405323880929916,
    1.1341623265903218,
    1.126857844214089,
    1.1144827558590582,
    1.104477325376992,
    1.0982688006501609,
    1.0939153352865396,
    1.0792283589085832,
    1.0726038874528658,
    1.0702322277779015,
    1.0613549092707162
  ],
  "client_sizes": [
    467,
    545,
    2023,
    2365,
    623,
    639,
    298,
    986,
    2754,
    1563,
    758,
    769,
    346,
    603,
    611,
    647,
    895,
    1790,
    1510,
    204,
    1331,
    881,
    1073,
    267,
    1853,
    525,
    1099,
    1855,
    835,
    1143,
    267,
    374,
    1905,
    775,
    215,
    2492,
    665,
    783,
    1332,
    482,
    877,
    379,
    1521,
    1025,
    676,
    1653,
    1037,
    1454,
    422,
    408
  ],
  "total_time_seconds": 2946.200902700424,
  "final_accuracy": 63.29,
  "final_loss": 1.0613549092707162,
  "best_accuracy": 63.29
}