{
  "dataset": "cifar10",
  "strategy": "fedmean",
  "condition": "iid_unequal",
  "seed": 1011,
  "num_clients": 50,
  "num_rounds": 50,
  "local_epochs": 1,
  "test_accuracy": [
    10.01,
    25.35,
    28.84,
    31.55,
    34.42,
    38.91,
    40.43,
    41.71,
    43.64,
    44.71,
    46.0,
    46.69,
    47.41,
    48.56,
    48.99,
    49.5,
    50.32,
    50.52,
    50.95,
    51.62,
    52.15,
    52.6,
    52.67,
    53.26,
    53.94,
    54.16,
    54.31,
    54.76,
    55.14,
    55.53,
    55.89,
    56.32,
    56.7,
    57.1,
    57.36,
    57.92,
    58.32,
    58.58,
    58.9,
    59.54,
    59.65,
    59.78,
    59.8,
    60.18,
    60.93,
    61.21,
    61.42,
    61.82,
    61.84,
    62.49,
    62.72
  ],
  "test_loss": [
    2.30319732370468,
    2.204638127701732,
    2.036850987151027,
    1.9277810555296584,
    1.840922914373989,
    1.7674139254390242,
    1.6990127917676687,
    1.6486681947312034,
    1.597140973368392,
    1.5672651620718618,
    1.5312589650717787,
    1.509143514755054,
    1.4843002919571848,
    1.4622972365766287,
    1.4448130721101364,
    1.4249176171641,
    1.4086598611106507,
    1.3966218012209517,
    1.3827851386115955,
    1.3632587183016938,
    1.352969734242168,
    1.342973766235498,
    1.3302822912843844,
    1.3213977836572324,
    1.309346017746118,
    1.2958207282776268,
    1.2906081918329477,
    1.2821811906065042,
    1.2676162114158607,
    1.2591710252502857,
    1.2489308274972934,
    1.2314468418447355,
    1.2233874131315432,
    1.214313906221725,
    1.2054959706985913,
    1.199704990981105,
    1.1920236286263877,
    1.183040549960761,
    1.1699625684049564,
    1.166344708908861,
    1.1552618656295557,
    1.1370065438861665,
    1.1501431657483403,
    1.1235310608586564,
    1.1207282194695152,
    1.1107126064955617,
    1.105170714779022,
    1.0984765373098964,
    1.0907229015621513,
    1.081468629760864,
    1.075045997723223
  ],
  "client_sizes": [
    279,
    2246,
    747,
    2021,
    736,
    491,
    1983,
    641,
    786,
    2168,
    592,
    2839,
    907,
    572,
    398,
    644,
    612,
    1417,
    541,
    1340,
    1473,
    1189,
    265,
    319,
    1103,
    1082,
    590,
    657,
    587,
    934,
    312,
    973,
    430,
    756,
    305,
    3996,
    873,
    2105,
    1160,
    484,
    1152,
    215,
    1522,
    303,
    1777,
    430,
    734,
    1148,
    710,
    456
  ],
  "total_time_seconds": 3272.059670448303,
  "final_accuracy": 62.72,
  "final_loss": 1.075045997723223,
  "best_accuracy": 62.72
}