{
  "dataset": "cifar10",
  "strategy": "fedmean",
  "condition": "iid_unequal",
  "seed": 42,
  "num_clients": 50,
  "num_rounds": 50,
  "local_epochs": 1,
  "test_accuracy": [
    8.6,
    21.75,
    26.75,
    30.61,
    34.48,
    37.42,
    39.55,
    41.28,
    42.61,
    44.01,
    45.13,
    45.86,
    47.12,
    47.28,
    47.97,
    48.59,
    49.61,
    50.17,
    50.44,
    51.01,
    51.41,
    51.75,
    52.46,
    52.9,
    53.34,
    53.9,
    53.91,
    54.15,
    54.67,
    54.96,
    55.36,
    55.8,
    56.14,
    56.96,
    57.07,
    57.63,
    57.94,
    58.44,
    58.69,
    58.95,
    59.55,
    59.6,
    59.92,
    60.61,
    60.84,
    61.22,
    61.38,
    61.9,
    61.96,
    62.04,
    62.6
  ],
  "test_loss": [
    2.30501694191759,
    2.229897358166143,
    2.03709687211643,
    1.9448812586811786,
    1.8720554429502152,
    1.7818263536824968,
    1.7117189286996761,
    1.6656091643598514,
    1.6196911620636718,
    1.5793715616384634,
    1.55223269851063,
    1.520888044430425,
    1.494731407957717,
    1.4764392951045173,
    1.459677571686693,
    1.4375750020670053,
    1.4191709136048827,
    1.4092951239869236,
    1.4036083644190536,
    1.3762109938520974,
    1.3752913471228017,
    1.357198309212828,
    1.3458688565717338,
    1.3364214843835314,
    1.3264745875669364,
    1.3106988935044017,
    1.302846028401067,
    1.2949529850063994,
    1.2861339480351335,
    1.2734586324173802,
    1.2629706360661566,
    1.260483796223284,
    1.2391945611173734,
    1.2324476283960069,
    1.2221696102581086,
    1.2083382737903168,
    1.2014064510790303,
    1.1908343719979064,
    1.1824011351353825,
    1.173666986223227,
    1.1635433622061635,
    1.157921727663412,
    1.1464873742752564,
    1.1386235916195586,
    1.132421031546669,
    1.127171994207766,
    1.1143331651489574,
    1.1012951143252583,
    1.1073960301975092,
    1.0943771379824263,
    1.0890286755257141
  ],
  "client_sizes": [
    1257,
    784,
    725,
    725,
    2441,
    1505,
    593,
    1297,
    1049,
    113,
    352,
    1106,
    2292,
    730,
    555,
    952,
    527,
    692,
    866,
    336,
    1559,
    281,
    248,
    1015,
    1477,
    996,
    799,
    686,
    598,
    1805,
    1113,
    639,
    491,
    1358,
    1776,
    1670,
    420,
    681,
    588,
    755,
    1549,
    2154,
    1144,
    506,
    851,
    2422,
    935,
    687,
    734,
    1166
  ],
  "total_time_seconds": 2933.016851902008,
  "final_accuracy": 62.6,
  "final_loss": 1.0890286755257141,
  "best_accuracy": 62.6
}