{
  "dataset": "cifar10",
  "strategy": "fedmedian",
  "condition": "iid_unequal",
  "seed": 123,
  "num_clients": 50,
  "num_rounds": 50,
  "local_epochs": 1,
  "test_accuracy": [
    13.82,
    22.91,
    26.56,
    29.93,
    31.73,
    32.64,
    35.25,
    37.13,
    38.94,
    39.79,
    40.67,
    42.17,
    42.86,
    44.35,
    44.6,
    45.35,
    46.05,
    46.62,
    46.91,
    47.46,
    47.98,
    48.17,
    48.55,
    48.9,
    49.29,
    49.39,
    49.78,
    49.86,
    50.65,
    50.62,
    51.02,
    51.53,
    51.52,
    51.9,
    51.91,
    52.51,
    52.61,
    52.56,
    52.99,
    53.32,
    53.36,
    53.73,
    53.6,
    53.85,
    54.32,
    54.65,
    54.38,
    54.77,
    55.22,
    55.31,
    55.63
  ],
  "test_loss": [
    2.3030933412119223,
    2.2115043504550433,
    2.090846713358602,
    2.0047990864458174,
    1.9492518429558117,
    1.8989071491808176,
    1.8405637893433007,
    1.8031134037925793,
    1.7458392214089538,
    1.7175598628223894,
    1.6723604605982478,
    1.6434826279600587,
    1.6124080092000503,
    1.5775779260994909,
    1.5610633444862243,
    1.5396018310095936,
    1.5140707153862658,
    1.5029767283235496,
    1.4839204770688432,
    1.4682197399413623,
    1.4608952431633069,
    1.4508747528917112,
    1.4356204290359547,
    1.4256904860274098,
    1.4128648758696292,
    1.4092790090237943,
    1.397108660719265,
    1.3918481581508162,
    1.3793812190381864,
    1.3717932716345254,
    1.3662981758483301,
    1.36288910799514,
    1.3541543491351338,
    1.3417296226793967,
    1.3385093503485854,
    1.331346035003662,
    1.3253799857803807,
    1.3210935259398562,
    1.311381026197927,
    1.3064973916108615,
    1.3039332942459911,
    1.295923126772189,
    1.2924812407539295,
    1.2845336313064868,
    1.2747629450532956,
    1.270209027555423,
    1.2657589363975648,
    1.2584475307418896,
    1.2524492734918198,
    1.2463820854695842,
    1.242423829750512
  ],
  "client_sizes": [
    271,
    1447,
    448,
    2112,
    37,
    511,
    408,
    675,
    505,
    509,
    1453,
    968,
    317,
    1612,
    1368,
    182,
    593,
    15,
    1386,
    634,
    336,
    899,
    529,
    1101,
    3081,
    986,
    1431,
    2859,
    2220,
    364,
    1354,
    2233,
    373,
    1274,
    1855,
    1284,
    239,
    846,
    1599,
    267,
    523,
    659,
    1689,
    404,
    564,
    271,
    2652,
    824,
    1588,
    245
  ],
  "total_time_seconds": 2964.57733130455,
  "final_accuracy": 55.63,
  "final_loss": 1.242423829750512,
  "best_accuracy": 55.63
}