{
  "dataset": "cifar10",
  "strategy": "fedmedian",
  "condition": "iid_unequal",
  "seed": 1011,
  "num_clients": 50,
  "num_rounds": 50,
  "local_epochs": 1,
  "test_accuracy": [
    10.01,
    22.48,
    26.9,
    28.41,
    30.24,
    31.84,
    35.01,
    36.17,
    38.74,
    40.63,
    41.09,
    42.05,
    43.03,
    43.85,
    44.61,
    44.76,
    46.08,
    46.59,
    47.1,
    47.76,
    48.01,
    48.83,
    48.84,
    49.65,
    49.77,
    49.76,
    50.38,
    50.65,
    51.2,
    51.39,
    52.02,
    52.16,
    52.54,
    52.37,
    52.57,
    53.01,
    53.17,
    53.5,
    54.01,
    54.04,
    54.23,
    54.47,
    54.79,
    54.95,
    55.4,
    55.52,
    55.79,
    55.84,
    56.22,
    56.61,
    56.97
  ],
  "test_loss": [
    2.30319732370468,
    2.2338147483313806,
    2.118838480486276,
    2.0264863430882416,
    1.9522083578780056,
    1.8991683919589741,
    1.8447140710422407,
    1.79688938547628,
    1.74349038136272,
    1.7017005323982848,
    1.668624374813165,
    1.6479223025873446,
    1.6070814376441054,
    1.5800038896048794,
    1.555695769504998,
    1.5449875181856247,
    1.5179409516124298,
    1.5021585374594497,
    1.4887367399355855,
    1.472933130142407,
    1.4594718674882152,
    1.4415260538125572,
    1.4339973225761145,
    1.4241057760037554,
    1.4118442428759492,
    1.4076976338133644,
    1.3946821019291498,
    1.3843089467801226,
    1.3757730657681109,
    1.366969259783102,
    1.355016636962708,
    1.3508558798902712,
    1.3442425257481707,
    1.335648086124335,
    1.3251653976333788,
    1.3229051639858527,
    1.3148733944938586,
    1.3095484832986095,
    1.2991033948648472,
    1.2916071717731488,
    1.2884754092929462,
    1.2786973457747755,
    1.2744110108564457,
    1.266698138211101,
    1.2610628136430686,
    1.250867694711533,
    1.2505446019264075,
    1.247112874024973,
    1.2352935041482456,
    1.2310322631662265,
    1.2235710201933743
  ],
  "client_sizes": [
    279,
    2246,
    747,
    2021,
    736,
    491,
    1983,
    641,
    786,
    2168,
    592,
    2839,
    907,
    572,
    398,
    644,
    612,
    1417,
    541,
    1340,
    1473,
    1189,
    265,
    319,
    1103,
    1082,
    590,
    657,
    587,
    934,
    312,
    973,
    430,
    756,
    305,
    3996,
    873,
    2105,
    1160,
    484,
    1152,
    215,
    1522,
    303,
    1777,
    430,
    734,
    1148,
    710,
    456
  ],
  "total_time_seconds": 2971.511381149292,
  "final_accuracy": 56.97,
  "final_loss": 1.2235710201933743,
  "best_accuracy": 56.97
}