{
  "dataset": "cifar10",
  "strategy": "fedmedian",
  "condition": "iid_unequal",
  "seed": 42,
  "num_clients": 50,
  "num_rounds": 50,
  "local_epochs": 1,
  "test_accuracy": [
    8.6,
    23.01,
    22.89,
    27.28,
    30.51,
    32.83,
    35.33,
    36.73,
    38.79,
    39.95,
    41.13,
    42.14,
    43.5,
    44.0,
    44.6,
    45.39,
    45.98,
    47.0,
    47.06,
    47.78,
    48.38,
    48.42,
    49.34,
    49.62,
    49.68,
    50.27,
    50.24,
    50.64,
    51.12,
    51.42,
    51.73,
    51.85,
    52.08,
    52.96,
    53.05,
    53.38,
    53.36,
    53.57,
    53.83,
    54.3,
    54.35,
    54.3,
    54.75,
    55.34,
    55.55,
    55.91,
    56.37,
    56.37,
    56.71,
    56.69,
    57.02
  ],
  "test_loss": [
    2.30501694191759,
    2.261887837522708,
    2.106098676641909,
    2.017825310222638,
    1.9486719922135813,
    1.8925935490824544,
    1.8397975550672878,
    1.7878720196672142,
    1.734021450003115,
    1.6946164563821908,
    1.6675072363771188,
    1.6343160265931687,
    1.5980184089642364,
    1.5867207640657028,
    1.5531884416604576,
    1.5339193210815087,
    1.5025211115614674,
    1.492823208102022,
    1.4815201904065312,
    1.4639117230241672,
    1.4495054414858832,
    1.4433731480528371,
    1.432272371011801,
    1.421911154311305,
    1.4117897863205249,
    1.399877059193084,
    1.3942995033325098,
    1.388197604840556,
    1.3765211383374736,
    1.3711361824133146,
    1.3571755632805749,
    1.3607677423154203,
    1.3401593047970781,
    1.3360532177522921,
    1.330404887945888,
    1.3206483243753353,
    1.3165164926943307,
    1.3080739658861495,
    1.301106832278803,
    1.2864410244999602,
    1.2839329198907359,
    1.2776559676986914,
    1.2761907280443576,
    1.2621051392997036,
    1.2576003929677482,
    1.2457867769387583,
    1.2371496744810964,
    1.2356255446760038,
    1.2268596523866866,
    1.224098816847268,
    1.2125462046065651
  ],
  "client_sizes": [
    1257,
    784,
    725,
    725,
    2441,
    1505,
    593,
    1297,
    1049,
    113,
    352,
    1106,
    2292,
    730,
    555,
    952,
    527,
    692,
    866,
    336,
    1559,
    281,
    248,
    1015,
    1477,
    996,
    799,
    686,
    598,
    1805,
    1113,
    639,
    491,
    1358,
    1776,
    1670,
    420,
    681,
    588,
    755,
    1549,
    2154,
    1144,
    506,
    851,
    2422,
    935,
    687,
    734,
    1166
  ],
  "total_time_seconds": 2958.473989725113,
  "final_accuracy": 57.02,
  "final_loss": 1.2125462046065651,
  "best_accuracy": 57.02
}