{
  "dataset": "cifar10",
  "strategy": "fedmedian",
  "condition": "iid_unequal",
  "seed": 456,
  "num_clients": 50,
  "num_rounds": 50,
  "local_epochs": 1,
  "test_accuracy": [
    10.5,
    20.97,
    26.9,
    28.53,
    30.9,
    33.82,
    35.65,
    38.15,
    39.89,
    40.66,
    41.95,
    42.47,
    43.49,
    44.38,
    45.35,
    46.05,
    46.54,
    47.3,
    47.62,
    48.26,
    48.31,
    48.67,
    49.34,
    49.55,
    49.73,
    50.27,
    50.94,
    50.83,
    51.29,
    51.37,
    51.84,
    52.16,
    52.5,
    52.61,
    53.46,
    53.42,
    54.16,
    54.02,
    54.61,
    54.79,
    55.23,
    55.75,
    55.44,
    55.94,
    56.27,
    56.43,
    56.89,
    57.16,
    57.45,
    57.78,
    58.19
  ],
  "test_loss": [
    2.301283297828211,
    2.2121169209099425,
    2.065084425786052,
    1.9894473255632785,
    1.9274509025457949,
    1.8599906070544696,
    1.8128843227514444,
    1.750728704677984,
    1.710247295733077,
    1.6652227438295992,
    1.6385097998780564,
    1.610241159463462,
    1.5844930878843362,
    1.567281009290165,
    1.534336021913888,
    1.5144436519366864,
    1.4966855715638914,
    1.4802199746854008,
    1.4630918807495896,
    1.4469437412560557,
    1.4393409361092808,
    1.4286036716101649,
    1.4133176247532757,
    1.410273439967975,
    1.398982628084981,
    1.386046613367221,
    1.3735675865088026,
    1.3656274127884034,
    1.3634722084283066,
    1.3516542081253977,
    1.3416684504134206,
    1.334236362300361,
    1.3271718682191622,
    1.31663998761497,
    1.3073831232972801,
    1.2996544912219428,
    1.291757064695937,
    1.289526272505617,
    1.2801664566841369,
    1.2777235561285536,
    1.2638016842043818,
    1.2555495959501297,
    1.2525247758188949,
    1.2433863720193077,
    1.2348092318342898,
    1.231287150908583,
    1.2235559461215815,
    1.2128063971623064,
    1.2066582485128896,
    1.1961865697425014,
    1.186880459991126
  ],
  "client_sizes": [
    467,
    545,
    2023,
    2365,
    623,
    639,
    298,
    986,
    2754,
    1563,
    758,
    769,
    346,
    603,
    611,
    647,
    895,
    1790,
    1510,
    204,
    1331,
    881,
    1073,
    267,
    1853,
    525,
    1099,
    1855,
    835,
    1143,
    267,
    374,
    1905,
    775,
    215,
    2492,
    665,
    783,
    1332,
    482,
    877,
    379,
    1521,
    1025,
    676,
    1653,
    1037,
    1454,
    422,
    408
  ],
  "total_time_seconds": 2983.85942196846,
  "final_accuracy": 58.19,
  "final_loss": 1.186880459991126,
  "best_accuracy": 58.19
}