{
  "rounds": [
    0,
    0,
    1,
    2,
    3,
    4,
    5,
    6,
    7,
    8,
    9,
    10,
    11,
    12,
    13,
    14,
    15,
    16,
    17,
    18,
    19,
    20,
    21,
    22,
    23,
    24,
    25,
    26,
    27,
    28,
    29,
    30,
    31,
    32,
    33,
    34,
    35,
    36,
    37,
    38,
    39,
    40,
    41,
    42,
    43,
    44,
    45,
    46,
    47,
    48,
    49,
    50
  ],
  "train_loss": [],
  "train_accuracy": [],
  "test_accuracy": [
    11.29,
    20.9,
    42.17,
    49.27,
    55.68,
    57.57,
    59.43,
    62.32,
    62.6,
    64.34,
    65.39,
    66.05,
    67.5,
    67.22,
    68.46,
    69.27,
    69.21,
    70.68,
    69.99,
    71.28,
    71.58,
    71.63,
    72.67,
    73.06,
    72.21,
    72.7,
    73.05,
    72.13,
    73.46,
    73.54,
    74.06,
    73.51,
    74.25,
    74.13,
    74.11,
    74.44,
    74.51,
    74.17,
    74.51,
    74.64,
    74.91,
    74.94,
    75.24,
    74.87,
    75.26,
    75.63,
    75.34,
    75.61,
    75.83,
    75.71,
    75.17
  ],
  "test_loss": [
    2.3037686759290605,
    2.1570336125529233,
    1.5687127208557372,
    1.3490293132611357,
    1.2035453614716332,
    1.1361147129116729,
    1.0821125791095698,
    1.0267058561404292,
    1.0160503010399424,
    0.9777772795087614,
    0.9514418632839434,
    0.9416692445453364,
    0.9074204037555109,
    0.9007562660752013,
    0.8738399493618133,
    0.8652319591075849,
    0.8589549290295988,
    0.8267767915900904,
    0.837898713331253,
    0.8061599505785555,
    0.8013461753011892,
    0.8023581085875392,
    0.7788280112484393,
    0.769436092136767,
    0.7818483006649505,
    0.7751903964307743,
    0.765889013822848,
    0.7809404293759562,
    0.7589783150071915,
    0.7540052735957855,
    0.7397941714182449,
    0.7564534394504925,
    0.7335735064821122,
    0.7366778588237853,
    0.7368088418873735,
    0.7280985209793328,
    0.7271951235140475,
    0.7313599816431253,
    0.729050196159762,
    0.7225850565364947,
    0.7118464754507564,
    0.7168341835562032,
    0.7054112608345172,
    0.714600307444414,
    0.7085686109888668,
    0.700541532220551,
    0.6988156064154621,
    0.7013104887911306,
    0.6997863563676231,
    0.6988148171776019,
    0.7060704945851439
  ],
  "attack_type": "none",
  "num_byzantine": 3,
  "heterogeneity_kl": 0.6761164945818928,
  "class_imbalance": 0.12341626522463485
}