{
  "rounds": [
    0,
    0,
    1,
    2,
    3,
    4,
    5,
    6,
    7,
    8,
    9,
    10,
    11,
    12,
    13,
    14,
    15,
    16,
    17,
    18,
    19,
    20,
    21,
    22,
    23,
    24,
    25,
    26,
    27,
    28,
    29,
    30,
    31,
    32,
    33,
    34,
    35,
    36,
    37,
    38,
    39,
    40,
    41,
    42,
    43,
    44,
    45,
    46,
    47,
    48,
    49,
    50
  ],
  "train_loss": [],
  "train_accuracy": [],
  "test_accuracy": [
    9.75,
    10.45,
    11.17,
    11.82,
    11.97,
    12.19,
    9.89,
    11.26,
    10.72,
    12.33,
    9.72,
    11.53,
    7.29,
    11.6,
    9.35,
    10.19,
    10.03,
    10.09,
    9.92,
    10.05,
    10.07,
    9.43,
    9.99,
    9.94,
    10.0,
    9.98,
    10.01,
    10.06,
    10.0,
    10.03,
    9.98,
    9.98,
    10.01,
    9.77,
    9.97,
    10.01,
    10.0,
    10.0,
    10.03,
    10.02,
    10.0,
    10.0,
    10.0,
    9.99,
    10.03,
    10.0,
    9.97,
    10.0,
    10.0,
    9.99,
    10.01
  ],
  "test_loss": [
    2.3014512336292205,
    12.029931598578017,
    2.703490255739742,
    4.582484778504783,
    2.8269655544536945,
    3.5891546349936783,
    3.040291198907188,
    2.5115414168507146,
    2.555608590951743,
    2.6834615899351077,
    2.387189368470408,
    2.4605445579979746,
    4.160365714813573,
    2.507719909040311,
    2.3632829265472606,
    2.4633902718845646,
    2.360817603790722,
    2.4385124311660427,
    2.404600318628378,
    2.3937452410737547,
    2.4635833726523404,
    3.4639593534195385,
    2.3569944978902897,
    2.3607431935807006,
    2.35958245844125,
    2.4008111237717893,
    2.390961394142419,
    2.427719950295104,
    2.3914919889773043,
    2.416884917420701,
    2.3641187680034212,
    2.4686330903452425,
    2.4704787319841475,
    2.4861778131308268,
    2.339564216784395,
    2.3476491903725525,
    2.447037283224039,
    2.3865948858352515,
    2.360121183121166,
    2.5105578000553117,
    2.326365451081492,
    2.405233720620981,
    2.3617541211100814,
    2.382185855231727,
    2.4554732935116315,
    2.429112681184714,
    2.5086617728772636,
    2.579097543661587,
    2.3870319421298967,
    2.4028406988698454,
    2.4952025603943357
  ],
  "attack_type": "random_noise",
  "num_byzantine": 3,
  "heterogeneity_kl": 0.6761164945818928,
  "class_imbalance": 0.12341626522463485
}