{
  "rounds": [
    0,
    0,
    1,
    2,
    3,
    4,
    5,
    6,
    7,
    8,
    9,
    10,
    11,
    12,
    13,
    14,
    15,
    16,
    17,
    18,
    19,
    20,
    21,
    22,
    23,
    24,
    25,
    26,
    27,
    28,
    29,
    30,
    31,
    32,
    33,
    34,
    35,
    36,
    37,
    38,
    39,
    40,
    41,
    42,
    43,
    44,
    45,
    46,
    47,
    48,
    49,
    50
  ],
  "train_loss": [],
  "train_accuracy": [],
  "test_accuracy": [
    9.99,
    35.13,
    42.44,
    46.15,
    48.64,
    52.21,
    54.38,
    56.33,
    58.98,
    60.36,
    61.34,
    62.15,
    62.94,
    64.25,
    64.19,
    64.84,
    65.55,
    66.31,
    66.27,
    66.77,
    66.45,
    67.28,
    67.06,
    67.72,
    68.16,
    67.82,
    68.61,
    68.3,
    68.67,
    69.26,
    68.98,
    68.92,
    68.91,
    69.09,
    69.27,
    69.48,
    69.61,
    70.02,
    69.89,
    69.77,
    69.94,
    69.76,
    70.07,
    69.67,
    69.53,
    70.12,
    69.89,
    70.43,
    69.78,
    70.88,
    70.31
  ],
  "test_loss": [
    2.3077392844727247,
    2.121441600421747,
    1.7716247669804972,
    1.5136936236494265,
    1.3897160819163337,
    1.300714172303867,
    1.2568561286210251,
    1.2126310559126516,
    1.1673989147423935,
    1.1405164237601308,
    1.1200621440387761,
    1.1035916536760788,
    1.0832905043809178,
    1.0447720235909899,
    1.0375705224256546,
    1.0286656369606908,
    1.0092339742297944,
    0.9968858694497008,
    0.9950223125207919,
    0.9805030328587602,
    1.008675429862909,
    0.9793682897243255,
    0.9870331015068883,
    0.9763454544468048,
    0.964481347666,
    0.9761570192183169,
    0.9613239254814367,
    0.979180956039185,
    0.968287964217579,
    0.9542615168010846,
    0.957098931645433,
    0.9654461466275845,
    0.9844346721522724,
    0.9678300331575802,
    0.962093236442572,
    0.9654315141633677,
    0.9536073043133123,
    0.9516262552989557,
    0.9645686901796359,
    0.9633670711098388,
    0.9667128231197881,
    0.976006234606234,
    0.9932407450180846,
    1.0143037442201244,
    1.0063858143628215,
    0.9869418411780471,
    0.9968522840414565,
    0.9977809177896085,
    1.013150143880433,
    0.9641030258454454,
    0.9978746512827401
  ],
  "attack_type": "sign_flipping",
  "num_byzantine": 3,
  "heterogeneity_kl": 0.6761164945818928,
  "class_imbalance": 0.12341626522463485
}