{
  "rounds": [
    0,
    0,
    1,
    2,
    3,
    4,
    5,
    6,
    7,
    8,
    9,
    10,
    11,
    12,
    13,
    14,
    15,
    16,
    17,
    18,
    19,
    20,
    21,
    22,
    23,
    24,
    25,
    26,
    27,
    28,
    29,
    30,
    31,
    32,
    33,
    34,
    35,
    36,
    37,
    38,
    39,
    40,
    41,
    42,
    43,
    44,
    45,
    46,
    47,
    48,
    49,
    50
  ],
  "train_loss": [],
  "train_accuracy": [],
  "test_accuracy": [
    10.41,
    27.97,
    43.35,
    48.38,
    53.49,
    57.39,
    60.19,
    60.96,
    63.97,
    65.32,
    65.05,
    65.57,
    66.88,
    68.11,
    68.41,
    68.68,
    69.04,
    69.55,
    69.51,
    69.75,
    70.57,
    70.9,
    70.53,
    71.53,
    71.78,
    71.6,
    71.6,
    72.57,
    72.05,
    72.46,
    72.68,
    72.55,
    72.68,
    72.88,
    72.94,
    73.11,
    73.58,
    73.77,
    74.32,
    73.65,
    73.4,
    73.91,
    73.71,
    74.44,
    73.89,
    74.03,
    74.69,
    74.89,
    75.41,
    74.98,
    75.07
  ],
  "test_loss": [
    2.310771660302013,
    2.164468584730983,
    1.5464935698829139,
    1.351511457476753,
    1.2274347800797167,
    1.1413245528650742,
    1.0850473057728607,
    1.0598906467136102,
    1.002847105740739,
    0.9571015953827209,
    0.9601859775023719,
    0.9456580933480979,
    0.9171252532508045,
    0.8989607289957162,
    0.8762798554981097,
    0.8703179967860444,
    0.8706858171441685,
    0.8560455718550819,
    0.8560941855366618,
    0.8588780702683873,
    0.8308603766436775,
    0.8238806732165547,
    0.8334416151998904,
    0.8061743729030744,
    0.7991222257431323,
    0.8072042608984743,
    0.8087873708325833,
    0.7903227291929836,
    0.8004679470397413,
    0.7897414901671699,
    0.7809911244117413,
    0.78939259471223,
    0.7798156248875701,
    0.787218056547756,
    0.7816572434033829,
    0.7685740393000289,
    0.76347993628476,
    0.7560135686930757,
    0.7496902565129648,
    0.7607679677466614,
    0.7673864813087086,
    0.7658565390033844,
    0.7607566968511088,
    0.7517195036426519,
    0.7676172061754872,
    0.7604600589115399,
    0.7543536809305794,
    0.749673892229129,
    0.7318328375252672,
    0.7511715755199853,
    0.7438748686934431
  ],
  "attack_type": "random_noise",
  "num_byzantine": 3,
  "heterogeneity_kl": 0.6761164945818928,
  "class_imbalance": 0.12341626522463485
}