{
  "rounds": [
    0,
    0,
    1,
    2,
    3,
    4,
    5,
    6,
    7,
    8,
    9,
    10,
    11,
    12,
    13,
    14,
    15,
    16,
    17,
    18,
    19,
    20,
    21,
    22,
    23,
    24,
    25,
    26,
    27,
    28,
    29,
    30,
    31,
    32,
    33,
    34,
    35,
    36,
    37,
    38,
    39,
    40,
    41,
    42,
    43,
    44,
    45,
    46,
    47,
    48,
    49,
    50
  ],
  "train_loss": [],
  "train_accuracy": [],
  "test_accuracy": [
    8.13,
    8.13,
    8.13,
    8.13,
    8.13,
    8.13,
    8.13,
    8.13,
    8.13,
    8.13,
    8.13,
    8.13,
    8.13,
    8.13,
    8.13,
    8.13,
    8.13,
    8.13,
    8.13,
    8.13,
    8.13,
    8.13,
    8.13,
    8.13,
    8.13,
    8.13,
    8.13,
    8.13,
    8.13,
    8.13,
    8.13,
    8.13,
    8.13,
    8.13,
    8.13,
    8.13,
    8.13,
    8.13,
    8.13,
    8.13,
    8.13,
    8.13,
    8.13,
    8.13,
    8.13,
    8.13,
    8.13,
    8.13,
    8.13,
    8.13,
    8.13
  ],
  "test_loss": [
    2.307925724754699,
    2.307925724754699,
    2.307925724754699,
    2.307925724754699,
    2.307925724754699,
    2.307925724754699,
    2.307925724754699,
    2.307925724754699,
    2.307925724754699,
    2.307925724754699,
    2.307925724754699,
    2.307925724754699,
    2.307925724754699,
    2.307925724754699,
    2.307925724754699,
    2.307925724754699,
    2.307925724754699,
    2.307925724754699,
    2.307925724754699,
    2.307925724754699,
    2.307925724754699,
    2.307925724754699,
    2.307925724754699,
    2.307925724754699,
    2.307925724754699,
    2.307925724754699,
    2.307925724754699,
    2.307925724754699,
    2.307925724754699,
    2.307925724754699,
    2.307925724754699,
    2.307925724754699,
    2.307925724754699,
    2.307925724754699,
    2.307925724754699,
    2.307925724754699,
    2.307925724754699,
    2.307925724754699,
    2.307925724754699,
    2.307925724754699,
    2.307925724754699,
    2.307925724754699,
    2.307925724754699,
    2.307925724754699,
    2.307925724754699,
    2.307925724754699,
    2.307925724754699,
    2.307925724754699,
    2.307925724754699,
    2.307925724754699,
    2.307925724754699
  ],
  "attack_type": "none",
  "num_byzantine": 3,
  "heterogeneity_kl": 0.6761164945818928,
  "class_imbalance": 0.12341626522463485
}