{
  "rounds": [
    0,
    0,
    1,
    2,
    3,
    4,
    5,
    6,
    7,
    8,
    9,
    10,
    11,
    12,
    13,
    14,
    15,
    16,
    17,
    18,
    19,
    20,
    21,
    22,
    23,
    24,
    25,
    26,
    27,
    28,
    29,
    30,
    31,
    32,
    33,
    34,
    35,
    36,
    37,
    38,
    39,
    40,
    41,
    42,
    43,
    44,
    45,
    46,
    47,
    48,
    49,
    50
  ],
  "train_loss": [],
  "train_accuracy": [],
  "test_accuracy": [
    10.9,
    31.37,
    46.15,
    54.67,
    58.57,
    61.23,
    63.1,
    65.57,
    65.95,
    67.78,
    69.09,
    69.05,
    69.89,
    70.24,
    71.22,
    71.32,
    71.57,
    72.01,
    72.23,
    72.94,
    72.9,
    73.7,
    74.11,
    74.02,
    74.48,
    74.86,
    74.73,
    75.13,
    75.26,
    75.29,
    75.83,
    75.43,
    75.84,
    75.6,
    76.13,
    75.81,
    76.52,
    76.7,
    76.54,
    76.43,
    76.89,
    76.55,
    76.96,
    76.64,
    76.96,
    77.28,
    76.74,
    77.3,
    76.8,
    76.9,
    76.77
  ],
  "test_loss": [
    2.30676516557273,
    2.0563402160668907,
    1.4828937906807604,
    1.2461065385288324,
    1.136364526261156,
    1.0655674671593565,
    1.0110742576396503,
    0.9645715602480185,
    0.9473146898106645,
    0.9058705601638879,
    0.8701816579213919,
    0.8597825498055345,
    0.8412449375128213,
    0.835578235860069,
    0.808915415891824,
    0.8079871031613396,
    0.7982312418972722,
    0.7917164043306162,
    0.7857541013449526,
    0.7688948276896066,
    0.761811090639224,
    0.7520180800661873,
    0.7413801320444662,
    0.7439363109417998,
    0.7313407315804173,
    0.7263791103142138,
    0.7229556403221032,
    0.7231834032855475,
    0.713480071804394,
    0.7103539751931882,
    0.7025490381275884,
    0.702209654326637,
    0.6972565228184953,
    0.7033438041758614,
    0.6868379587373032,
    0.6966439612185993,
    0.685213044095344,
    0.6803440427342162,
    0.6815475718662761,
    0.6808359707696751,
    0.6733612265830604,
    0.6821218104408191,
    0.6708063405161848,
    0.6796689105871767,
    0.6695371243519525,
    0.6644876207025668,
    0.6739718547453896,
    0.6673239211495311,
    0.6740047467497591,
    0.6807859275287713,
    0.6694132692802447
  ],
  "attack_type": "none",
  "num_byzantine": 3,
  "heterogeneity_kl": 0.6761164945818928,
  "class_imbalance": 0.12341626522463485
}