{
  "rounds": [
    0,
    0,
    1,
    2,
    3,
    4,
    5,
    6,
    7,
    8,
    9,
    10,
    11,
    12,
    13,
    14,
    15,
    16,
    17,
    18,
    19,
    20,
    21,
    22,
    23,
    24,
    25,
    26,
    27,
    28,
    29,
    30,
    31,
    32,
    33,
    34,
    35,
    36,
    37,
    38,
    39,
    40,
    41,
    42,
    43,
    44,
    45,
    46,
    47,
    48,
    49,
    50
  ],
  "train_loss": [],
  "train_accuracy": [],
  "test_accuracy": [
    8.68,
    20.09,
    35.93,
    43.67,
    49.16,
    51.0,
    53.45,
    55.89,
    57.03,
    58.43,
    59.67,
    59.47,
    60.7,
    61.6,
    62.0,
    63.16,
    62.9,
    63.52,
    63.78,
    64.55,
    64.73,
    65.36,
    65.41,
    65.59,
    65.86,
    65.76,
    67.09,
    66.49,
    66.29,
    66.14,
    66.14,
    66.58,
    66.94,
    68.0,
    67.71,
    67.45,
    67.68,
    67.61,
    68.4,
    68.24,
    68.07,
    67.8,
    68.31,
    68.11,
    67.79,
    68.24,
    68.63,
    68.65,
    68.86,
    69.02,
    69.39
  ],
  "test_loss": [
    2.305044785856058,
    2.2399736608560095,
    1.806281778759088,
    1.5303769222082801,
    1.379590700038325,
    1.327244201407265,
    1.2819306039200804,
    1.2312757542338997,
    1.218209762161913,
    1.1936254202367398,
    1.161935427508796,
    1.1652984912403095,
    1.1370856402019343,
    1.1182291317290771,
    1.11376238192994,
    1.083329001745096,
    1.0840082115258654,
    1.0694359733273808,
    1.079633766279434,
    1.061254714148494,
    1.052978256639962,
    1.0381603966505764,
    1.0315926029278448,
    1.026927137241577,
    1.0228951485774007,
    1.0222292184448851,
    1.0028929299059006,
    1.020671424488671,
    1.0463227741063212,
    1.0650716278309258,
    1.0634364584764353,
    1.0523502558184128,
    1.0266967972817893,
    1.0090366129677135,
    1.0248011637229126,
    1.0278818982477766,
    1.0244098813198625,
    1.0449527970518167,
    1.0331203002518359,
    1.0404972358823965,
    1.0315443677262377,
    1.026679716075952,
    1.0320779499344932,
    1.037292122364806,
    1.0694613440539509,
    1.039930757527915,
    1.032381691205235,
    1.0389807676545346,
    1.0047105186092207,
    1.0302820684620366,
    1.0199710944780527
  ],
  "attack_type": "sign_flipping",
  "num_byzantine": 3,
  "heterogeneity_kl": 0.6761164945818928,
  "class_imbalance": 0.12341626522463485
}