{
  "dataset": "fashion_mnist",
  "strategy": "fedavg",
  "condition": "iid_equal",
  "seed": 789,
  "num_clients": 50,
  "num_rounds": 50,
  "local_epochs": 1,
  "test_accuracy": [
    8.64,
    67.44,
    72.1,
    76.25,
    77.12,
    78.52,
    79.82,
    80.65,
    81.04,
    81.99,
    82.56,
    83.31,
    83.85,
    84.03,
    84.35,
    84.74,
    85.02,
    85.4,
    85.62,
    85.78,
    86.0,
    86.32,
    86.22,
    86.48,
    86.69,
    86.98,
    87.14,
    87.08,
    87.32,
    87.53,
    87.66,
    87.74,
    88.0,
    87.91,
    87.97,
    88.06,
    88.23,
    88.32,
    88.46,
    88.41,
    88.51,
    88.58,
    88.56,
    88.79,
    88.69,
    88.79,
    88.78,
    88.91,
    88.98,
    89.05,
    89.03
  ],
  "test_loss": [
    2.3019711986517373,
    0.9956919265250428,
    0.7667914430935162,
    0.6558129263762087,
    0.6040091149913617,
    0.56248621847302,
    0.538965068448085,
    0.5135470458779472,
    0.49697868235575887,
    0.47769431122385275,
    0.46643306072146745,
    0.4503862281291249,
    0.43874620536740977,
    0.4282387895896412,
    0.41735532653693574,
    0.41042961630101404,
    0.4059143840028836,
    0.39404073802712625,
    0.38904079397360736,
    0.3818827051395616,
    0.37860921794138014,
    0.37433596024402793,
    0.3701369293367329,
    0.3656771171826143,
    0.3587882858091079,
    0.35532980240857637,
    0.35204024586719446,
    0.347467609630606,
    0.34469605941837206,
    0.34136252716992993,
    0.33812671737929884,
    0.33544362462557165,
    0.33319607529396444,
    0.33019887377469304,
    0.32757116132936537,
    0.3245097400900274,
    0.3230514672284309,
    0.32064988621221946,
    0.3183873127610348,
    0.31642581517704,
    0.3140254233258601,
    0.3123272885434544,
    0.3099189502791094,
    0.3088569200267426,
    0.3085319321995345,
    0.30568481403322645,
    0.30491654829571424,
    0.30350723273504654,
    0.301874858478959,
    0.30035487455301013,
    0.2995691393939451
  ],
  "client_sizes": [
    1200,
    1200,
    1200,
    1200,
    1200,
    1200,
    1200,
    1200,
    1200,
    1200,
    1200,
    1200,
    1200,
    1200,
    1200,
    1200,
    1200,
    1200,
    1200,
    1200,
    1200,
    1200,
    1200,
    1200,
    1200,
    1200,
    1200,
    1200,
    1200,
    1200,
    1200,
    1200,
    1200,
    1200,
    1200,
    1200,
    1200,
    1200,
    1200,
    1200,
    1200,
    1200,
    1200,
    1200,
    1200,
    1200,
    1200,
    1200,
    1200,
    1200
  ],
  "total_time_seconds": 470.9216265678406,
  "final_accuracy": 89.03,
  "final_loss": 0.2995691393939451,
  "best_accuracy": 89.05
}