{
  "dataset": "fashion_mnist",
  "strategy": "fedavg",
  "condition": "iid_equal",
  "seed": 456,
  "num_clients": 50,
  "num_rounds": 50,
  "local_epochs": 1,
  "test_accuracy": [
    10.25,
    65.14,
    70.77,
    75.93,
    78.01,
    78.84,
    79.85,
    80.6,
    81.6,
    82.83,
    83.02,
    84.0,
    84.55,
    84.84,
    85.17,
    85.41,
    85.57,
    85.95,
    86.37,
    86.45,
    86.61,
    86.71,
    86.84,
    86.9,
    87.08,
    87.31,
    87.51,
    87.6,
    87.83,
    87.75,
    88.02,
    88.01,
    88.07,
    88.18,
    88.14,
    88.32,
    88.33,
    88.58,
    88.5,
    88.44,
    88.74,
    88.74,
    88.67,
    88.92,
    89.07,
    88.89,
    89.0,
    89.07,
    89.27,
    89.1,
    89.29
  ],
  "test_loss": [
    2.3049960258288884,
    0.9617887447817257,
    0.7647482242447119,
    0.650252386689567,
    0.5807848531788531,
    0.5514854082284263,
    0.5256064420405288,
    0.5008281620737082,
    0.4791312615711468,
    0.46031750724338494,
    0.4557970776535071,
    0.43485480223219997,
    0.42357069963273913,
    0.4164775647103977,
    0.40826822660220696,
    0.39927194736445676,
    0.39360897609601003,
    0.38965965383730755,
    0.37863695395354646,
    0.37483784370719436,
    0.36974515839697075,
    0.3644666164732589,
    0.3598724137337063,
    0.35719288857028886,
    0.3531268821023524,
    0.34758198006560626,
    0.3451801003834691,
    0.3418336037677317,
    0.3391163053032689,
    0.3363831462665869,
    0.3324651334303827,
    0.3293848654475456,
    0.3264543039801593,
    0.3240136663896588,
    0.32314538753356414,
    0.3200909951076911,
    0.31880596024207414,
    0.3157635151435392,
    0.31457403404548906,
    0.31392191083857807,
    0.3095012787765207,
    0.30809926142850624,
    0.307878863578216,
    0.3045922120253499,
    0.3024312620774245,
    0.3021734963876371,
    0.3013752312563098,
    0.2997164317903618,
    0.2981243521070328,
    0.2964102839128659,
    0.2961238572439447
  ],
  "client_sizes": [
    1200,
    1200,
    1200,
    1200,
    1200,
    1200,
    1200,
    1200,
    1200,
    1200,
    1200,
    1200,
    1200,
    1200,
    1200,
    1200,
    1200,
    1200,
    1200,
    1200,
    1200,
    1200,
    1200,
    1200,
    1200,
    1200,
    1200,
    1200,
    1200,
    1200,
    1200,
    1200,
    1200,
    1200,
    1200,
    1200,
    1200,
    1200,
    1200,
    1200,
    1200,
    1200,
    1200,
    1200,
    1200,
    1200,
    1200,
    1200,
    1200,
    1200
  ],
  "total_time_seconds": 469.37893629074097,
  "final_accuracy": 89.29,
  "final_loss": 0.2961238572439447,
  "best_accuracy": 89.29
}