{
  "dataset": "fashion_mnist",
  "strategy": "fedavg",
  "condition": "iid_equal",
  "seed": 123,
  "num_clients": 50,
  "num_rounds": 50,
  "local_epochs": 1,
  "test_accuracy": [
    10.0,
    66.73,
    73.8,
    77.0,
    78.22,
    79.25,
    79.92,
    81.34,
    81.8,
    82.72,
    83.13,
    83.67,
    84.17,
    84.36,
    84.93,
    85.32,
    85.5,
    85.84,
    86.07,
    86.14,
    86.28,
    86.56,
    86.48,
    86.85,
    86.84,
    86.93,
    87.19,
    87.34,
    87.31,
    87.54,
    87.42,
    87.61,
    87.65,
    87.89,
    87.83,
    87.9,
    88.08,
    88.2,
    88.41,
    88.31,
    88.55,
    88.47,
    88.71,
    88.74,
    88.94,
    88.9,
    88.83,
    89.1,
    89.01,
    89.24,
    89.15
  ],
  "test_loss": [
    2.304265210422845,
    0.9151521113733895,
    0.7288562990606021,
    0.629251629114151,
    0.580813585093227,
    0.5511071604852098,
    0.5246296294104938,
    0.4993080350632866,
    0.48701887342114797,
    0.46708620232515063,
    0.4543478635553354,
    0.4433584956886669,
    0.4309242929275424,
    0.4227411468712667,
    0.4105935434992321,
    0.4037206334808764,
    0.3983346301669511,
    0.39025708952079563,
    0.38516175313689077,
    0.37966407514132633,
    0.3735159687198008,
    0.37172187619601577,
    0.3670516517786934,
    0.3621357948587725,
    0.3575688153743363,
    0.35462948779899856,
    0.3499876798484653,
    0.3467854909336986,
    0.345699313992319,
    0.340603041953553,
    0.3380867379684799,
    0.33608824562150447,
    0.3334554740653251,
    0.3308530108402141,
    0.3274495066069186,
    0.325807803140852,
    0.32341706883697846,
    0.3209744468569375,
    0.31816779529324735,
    0.3171667207877476,
    0.3154014032631636,
    0.31316753449483803,
    0.30958791524647905,
    0.30961385646614786,
    0.30544358998917925,
    0.3046179789657029,
    0.3036792626181921,
    0.3023660580475871,
    0.3010808811210596,
    0.29943871892060336,
    0.29804986003583994
  ],
  "client_sizes": [
    1200,
    1200,
    1200,
    1200,
    1200,
    1200,
    1200,
    1200,
    1200,
    1200,
    1200,
    1200,
    1200,
    1200,
    1200,
    1200,
    1200,
    1200,
    1200,
    1200,
    1200,
    1200,
    1200,
    1200,
    1200,
    1200,
    1200,
    1200,
    1200,
    1200,
    1200,
    1200,
    1200,
    1200,
    1200,
    1200,
    1200,
    1200,
    1200,
    1200,
    1200,
    1200,
    1200,
    1200,
    1200,
    1200,
    1200,
    1200,
    1200,
    1200
  ],
  "total_time_seconds": 471.43076395988464,
  "final_accuracy": 89.15,
  "final_loss": 0.29804986003583994,
  "best_accuracy": 89.24
}