{
  "dataset": "fashion_mnist",
  "strategy": "fedavg",
  "condition": "iid_equal",
  "seed": 42,
  "num_clients": 50,
  "num_rounds": 50,
  "local_epochs": 1,
  "test_accuracy": [
    9.97,
    66.66,
    72.12,
    75.2,
    76.99,
    78.23,
    79.92,
    80.67,
    81.54,
    82.12,
    82.9,
    83.39,
    83.81,
    83.98,
    84.46,
    84.58,
    84.74,
    85.18,
    85.51,
    85.64,
    85.67,
    86.19,
    86.57,
    86.48,
    86.81,
    86.69,
    87.05,
    87.2,
    87.25,
    87.42,
    87.52,
    87.66,
    87.6,
    87.59,
    87.75,
    87.87,
    87.95,
    88.1,
    88.09,
    88.16,
    88.27,
    88.44,
    88.52,
    88.38,
    88.63,
    88.73,
    88.61,
    88.67,
    88.83,
    88.95,
    88.92
  ],
  "test_loss": [
    2.3033670266977135,
    0.9315201649650598,
    0.7506211545711128,
    0.6524160794747142,
    0.6009722297755293,
    0.561889855149455,
    0.5375642811242765,
    0.514820778807893,
    0.49618388436282407,
    0.478098008103264,
    0.46276578164329163,
    0.4531969815349807,
    0.43699621278257034,
    0.4331860193334068,
    0.42066468005648816,
    0.41391143840722766,
    0.4082599113257929,
    0.39763473424191675,
    0.39149602026509017,
    0.3865011081623193,
    0.3846888481237637,
    0.37496296333047907,
    0.3718039560051391,
    0.3677719890261991,
    0.3660195810845294,
    0.3625190836219742,
    0.35634973338141607,
    0.35254752133696227,
    0.3518033025982662,
    0.3469057060992375,
    0.34338206478867667,
    0.3408571045857649,
    0.33724717822032996,
    0.33468730597735974,
    0.3331772113998477,
    0.33150494441437645,
    0.3278461622830016,
    0.326063672288919,
    0.3243600158169628,
    0.3208166312295408,
    0.31824184270998157,
    0.31742249079310475,
    0.3158036500405961,
    0.313201024771308,
    0.3107904858125475,
    0.31026847077349123,
    0.30775814289197373,
    0.30550771425612055,
    0.3043857408812442,
    0.30419551713255266,
    0.30094527287747913
  ],
  "client_sizes": [
    1200,
    1200,
    1200,
    1200,
    1200,
    1200,
    1200,
    1200,
    1200,
    1200,
    1200,
    1200,
    1200,
    1200,
    1200,
    1200,
    1200,
    1200,
    1200,
    1200,
    1200,
    1200,
    1200,
    1200,
    1200,
    1200,
    1200,
    1200,
    1200,
    1200,
    1200,
    1200,
    1200,
    1200,
    1200,
    1200,
    1200,
    1200,
    1200,
    1200,
    1200,
    1200,
    1200,
    1200,
    1200,
    1200,
    1200,
    1200,
    1200,
    1200
  ],
  "total_time_seconds": 472.2281696796417,
  "final_accuracy": 88.92,
  "final_loss": 0.30094527287747913,
  "best_accuracy": 88.95
}