{
  "dataset": "fashion_mnist",
  "strategy": "fedavg",
  "condition": "iid_equal",
  "seed": 1011,
  "num_clients": 50,
  "num_rounds": 50,
  "local_epochs": 1,
  "test_accuracy": [
    10.0,
    65.47,
    73.87,
    77.01,
    78.17,
    79.22,
    79.68,
    80.4,
    80.68,
    81.68,
    82.68,
    83.09,
    83.73,
    84.04,
    84.53,
    85.01,
    85.34,
    85.63,
    86.06,
    86.14,
    86.34,
    86.35,
    86.37,
    86.91,
    86.9,
    87.05,
    87.19,
    87.27,
    87.38,
    87.6,
    87.69,
    87.69,
    87.78,
    87.98,
    87.96,
    88.17,
    88.24,
    88.31,
    88.34,
    88.46,
    88.61,
    88.65,
    88.66,
    88.64,
    88.92,
    89.12,
    88.97,
    88.99,
    89.22,
    89.17,
    89.06
  ],
  "test_loss": [
    2.316710524665662,
    0.9534990480913522,
    0.7422496837358505,
    0.635986890655737,
    0.5834435434958425,
    0.5502046744663495,
    0.5248670035753006,
    0.5071174219583932,
    0.49095643276033313,
    0.4715114162562373,
    0.4583557190986487,
    0.44682241576357773,
    0.43521703594028,
    0.4309343420468961,
    0.4179434985303269,
    0.41074780681834056,
    0.4035792735914072,
    0.39440393862061607,
    0.38769669497546294,
    0.3833369903813917,
    0.3787730161707622,
    0.37428788964550336,
    0.372168748690107,
    0.36457761115254683,
    0.3604446524819627,
    0.35741709884458456,
    0.35202750934960364,
    0.3500601078469913,
    0.34527580530498736,
    0.34428671376107217,
    0.3395027118845108,
    0.3359089512318468,
    0.33526392607167127,
    0.33164008181934923,
    0.332590228476273,
    0.3278043435071223,
    0.32495070702304096,
    0.3231177294311432,
    0.3222370928111739,
    0.3185493867999068,
    0.3173644548645035,
    0.3143591201200653,
    0.3128607117187101,
    0.3109432332241497,
    0.3070370059567519,
    0.30648052191343933,
    0.3035793447027953,
    0.3030114229828024,
    0.30061807114476213,
    0.300145848764303,
    0.2988088096911534
  ],
  "client_sizes": [
    1200,
    1200,
    1200,
    1200,
    1200,
    1200,
    1200,
    1200,
    1200,
    1200,
    1200,
    1200,
    1200,
    1200,
    1200,
    1200,
    1200,
    1200,
    1200,
    1200,
    1200,
    1200,
    1200,
    1200,
    1200,
    1200,
    1200,
    1200,
    1200,
    1200,
    1200,
    1200,
    1200,
    1200,
    1200,
    1200,
    1200,
    1200,
    1200,
    1200,
    1200,
    1200,
    1200,
    1200,
    1200,
    1200,
    1200,
    1200,
    1200,
    1200
  ],
  "total_time_seconds": 467.94448590278625,
  "final_accuracy": 89.06,
  "final_loss": 0.2988088096911534,
  "best_accuracy": 89.22
}