{
  "dataset": "fashion_mnist",
  "strategy": "fedmean",
  "condition": "iid_equal",
  "seed": 456,
  "num_clients": 50,
  "num_rounds": 50,
  "local_epochs": 1,
  "test_accuracy": [
    10.25,
    63.04,
    72.69,
    75.94,
    77.77,
    78.97,
    79.87,
    80.77,
    81.85,
    82.79,
    83.27,
    84.04,
    84.52,
    84.89,
    85.01,
    85.48,
    85.72,
    86.22,
    86.24,
    86.29,
    86.45,
    86.87,
    86.87,
    86.95,
    87.08,
    87.29,
    87.53,
    87.48,
    87.77,
    87.84,
    87.92,
    88.01,
    88.13,
    88.01,
    88.14,
    88.32,
    88.45,
    88.37,
    88.39,
    88.71,
    88.63,
    88.66,
    88.9,
    88.82,
    88.89,
    88.93,
    88.94,
    88.93,
    89.12,
    89.12,
    89.07
  ],
  "test_loss": [
    2.3049960258288884,
    0.9681147116060835,
    0.7609910474608119,
    0.6460091193644003,
    0.5864618666255816,
    0.5498763816996505,
    0.5249933340488532,
    0.502369449256708,
    0.48191733805897136,
    0.4640975218897049,
    0.44924686530146735,
    0.4373101860570451,
    0.42653708719312194,
    0.4164092678802844,
    0.40629961517767404,
    0.3975392600503592,
    0.3924998203976848,
    0.3836478757115599,
    0.37849431622999546,
    0.3761432668366752,
    0.37078301430034183,
    0.3633942326274924,
    0.3617458070476596,
    0.3579118852845777,
    0.35411495579698216,
    0.3487991377854119,
    0.3447385954614074,
    0.3413310664982651,
    0.3393881495435017,
    0.3337873196639954,
    0.3338688660901004,
    0.3291645518269021,
    0.3262637252339159,
    0.32591261257664467,
    0.32329406667822086,
    0.3198652098092218,
    0.31862390409119595,
    0.3161162605967385,
    0.31527066090331674,
    0.31122723895425614,
    0.3113091154315601,
    0.30922460028776727,
    0.3069187289300247,
    0.3073043054142318,
    0.30415314864426757,
    0.302498283156286,
    0.3014620307583017,
    0.2999961066979189,
    0.29731635656505345,
    0.2952118833867696,
    0.29503002666389216
  ],
  "client_sizes": [
    1200,
    1200,
    1200,
    1200,
    1200,
    1200,
    1200,
    1200,
    1200,
    1200,
    1200,
    1200,
    1200,
    1200,
    1200,
    1200,
    1200,
    1200,
    1200,
    1200,
    1200,
    1200,
    1200,
    1200,
    1200,
    1200,
    1200,
    1200,
    1200,
    1200,
    1200,
    1200,
    1200,
    1200,
    1200,
    1200,
    1200,
    1200,
    1200,
    1200,
    1200,
    1200,
    1200,
    1200,
    1200,
    1200,
    1200,
    1200,
    1200,
    1200
  ],
  "total_time_seconds": 474.27835988998413,
  "final_accuracy": 89.07,
  "final_loss": 0.29503002666389216,
  "best_accuracy": 89.12
}