{
  "dataset": "fashion_mnist",
  "strategy": "fedmean",
  "condition": "iid_equal",
  "seed": 789,
  "num_clients": 50,
  "num_rounds": 50,
  "local_epochs": 1,
  "test_accuracy": [
    8.64,
    66.49,
    72.25,
    75.98,
    77.32,
    78.49,
    79.71,
    80.51,
    81.3,
    82.27,
    82.76,
    83.2,
    83.54,
    83.93,
    84.26,
    84.63,
    84.97,
    85.26,
    85.49,
    85.8,
    86.14,
    86.04,
    86.33,
    86.43,
    86.74,
    86.91,
    87.1,
    87.13,
    87.38,
    87.33,
    87.5,
    87.68,
    87.86,
    87.64,
    87.89,
    88.01,
    88.14,
    88.18,
    88.33,
    88.52,
    88.46,
    88.52,
    88.6,
    88.68,
    88.68,
    88.69,
    88.82,
    88.9,
    88.93,
    88.93,
    89.06
  ],
  "test_loss": [
    2.3019711986517373,
    0.9923182842068778,
    0.7565601330976517,
    0.6551216878830054,
    0.6045986745304193,
    0.5673883497810212,
    0.537805048421549,
    0.5140398442745209,
    0.49453893165809276,
    0.4765555556780233,
    0.4639543389169553,
    0.45270825089357153,
    0.4394425754301464,
    0.42906007730065826,
    0.42101501859129425,
    0.41242341790050746,
    0.40566128647079863,
    0.3992379832382019,
    0.39024050171954183,
    0.38451173111272696,
    0.37798852047409875,
    0.377609091873367,
    0.3707263613232789,
    0.3662367087726395,
    0.362050789328048,
    0.35625783595652244,
    0.35543314048562186,
    0.3511267958310085,
    0.3460992517800758,
    0.3433594345903625,
    0.3396606685492558,
    0.3373104318405112,
    0.33385985580305705,
    0.3324417175766759,
    0.32849224264058063,
    0.3270950674082334,
    0.3244956738461321,
    0.322239315357452,
    0.3199781115514973,
    0.31815689891433946,
    0.31511543584041324,
    0.3146251539667003,
    0.31217003677980587,
    0.31057236203179955,
    0.31043830880532247,
    0.3056974766044,
    0.30525505984315093,
    0.30537375081747103,
    0.3031959180324413,
    0.3020542762673701,
    0.2989284011978692
  ],
  "client_sizes": [
    1200,
    1200,
    1200,
    1200,
    1200,
    1200,
    1200,
    1200,
    1200,
    1200,
    1200,
    1200,
    1200,
    1200,
    1200,
    1200,
    1200,
    1200,
    1200,
    1200,
    1200,
    1200,
    1200,
    1200,
    1200,
    1200,
    1200,
    1200,
    1200,
    1200,
    1200,
    1200,
    1200,
    1200,
    1200,
    1200,
    1200,
    1200,
    1200,
    1200,
    1200,
    1200,
    1200,
    1200,
    1200,
    1200,
    1200,
    1200,
    1200,
    1200
  ],
  "total_time_seconds": 473.9791781902313,
  "final_accuracy": 89.06,
  "final_loss": 0.2989284011978692,
  "best_accuracy": 89.06
}