{
  "dataset": "fashion_mnist",
  "strategy": "fedmean",
  "condition": "iid_equal",
  "seed": 1011,
  "num_clients": 50,
  "num_rounds": 50,
  "local_epochs": 1,
  "test_accuracy": [
    10.0,
    65.5,
    73.75,
    76.44,
    78.26,
    79.32,
    80.09,
    80.82,
    81.56,
    82.12,
    82.69,
    83.2,
    83.89,
    84.29,
    85.04,
    85.12,
    85.6,
    85.72,
    85.87,
    86.12,
    86.36,
    86.42,
    86.66,
    86.78,
    87.05,
    87.09,
    87.09,
    87.16,
    87.28,
    87.44,
    87.6,
    87.78,
    87.74,
    87.84,
    88.14,
    88.06,
    88.21,
    88.16,
    88.33,
    88.47,
    88.43,
    88.69,
    88.73,
    88.75,
    88.78,
    88.98,
    88.98,
    88.93,
    89.01,
    89.09,
    89.15
  ],
  "test_loss": [
    2.316710524665662,
    0.9606752157592164,
    0.7527297881845468,
    0.6339351075906723,
    0.5809755020629103,
    0.5448693299826722,
    0.5231461022703793,
    0.50687673007147,
    0.49184947982192423,
    0.4695814544686113,
    0.4628846782941026,
    0.4478668080160793,
    0.4365211356752597,
    0.4253184489263132,
    0.41554273222201166,
    0.40915304496170235,
    0.4020430297135545,
    0.3972259176234468,
    0.3888304799366683,
    0.3853479000611808,
    0.37948820230583796,
    0.3746198780906086,
    0.3685250976405586,
    0.36454332627046604,
    0.36156722339102254,
    0.3548182575180889,
    0.354488338406284,
    0.3514223646479674,
    0.3482352687051883,
    0.34350825174928856,
    0.3415472178984755,
    0.3396397790255638,
    0.33735843347950867,
    0.3329712480259018,
    0.32901824819156156,
    0.32920562390226144,
    0.3251766334778775,
    0.3245195347113541,
    0.32056250108983186,
    0.31916104948606355,
    0.3171619218283187,
    0.314920447231196,
    0.31220258273684176,
    0.31003543625053126,
    0.30741550164005627,
    0.3057148235198408,
    0.3054249991362278,
    0.3036130253023233,
    0.3028004779078709,
    0.3001969369550863,
    0.29871645202033054
  ],
  "client_sizes": [
    1200,
    1200,
    1200,
    1200,
    1200,
    1200,
    1200,
    1200,
    1200,
    1200,
    1200,
    1200,
    1200,
    1200,
    1200,
    1200,
    1200,
    1200,
    1200,
    1200,
    1200,
    1200,
    1200,
    1200,
    1200,
    1200,
    1200,
    1200,
    1200,
    1200,
    1200,
    1200,
    1200,
    1200,
    1200,
    1200,
    1200,
    1200,
    1200,
    1200,
    1200,
    1200,
    1200,
    1200,
    1200,
    1200,
    1200,
    1200,
    1200,
    1200
  ],
  "total_time_seconds": 474.5811471939087,
  "final_accuracy": 89.15,
  "final_loss": 0.29871645202033054,
  "best_accuracy": 89.15
}