{
  "dataset": "fashion_mnist",
  "strategy": "fedmedian",
  "condition": "iid_equal",
  "seed": 123,
  "num_clients": 50,
  "num_rounds": 50,
  "local_epochs": 1,
  "test_accuracy": [
    10.0,
    67.23,
    74.15,
    76.73,
    78.08,
    79.27,
    79.96,
    80.97,
    81.43,
    82.73,
    83.35,
    83.71,
    84.04,
    84.27,
    84.95,
    85.14,
    85.48,
    85.64,
    86.13,
    86.31,
    86.35,
    86.43,
    86.69,
    86.83,
    86.87,
    87.1,
    87.1,
    87.28,
    87.35,
    87.44,
    87.41,
    87.6,
    87.67,
    87.79,
    87.88,
    88.0,
    87.93,
    88.08,
    88.28,
    88.34,
    88.57,
    88.47,
    88.46,
    88.59,
    88.71,
    88.93,
    88.89,
    89.01,
    89.14,
    88.89,
    89.15
  ],
  "test_loss": [
    2.304265210422845,
    0.9118780470884646,
    0.7247849370534427,
    0.6344236818174965,
    0.5851254643152316,
    0.5484504195543143,
    0.5304665102269321,
    0.5055884740318353,
    0.4916046876400804,
    0.47029631830061586,
    0.45714477271127246,
    0.4444948615262303,
    0.436614100901654,
    0.42646114428203324,
    0.4161030148117306,
    0.40705196707012553,
    0.39935969806517274,
    0.3949152607792102,
    0.38561167196629526,
    0.3813786648047237,
    0.3760078137103742,
    0.3739698131720479,
    0.3682746555144414,
    0.36340078268759546,
    0.3606568411968577,
    0.3566888155647741,
    0.35185827638584966,
    0.3492656525569602,
    0.34614894629572146,
    0.3440329981640505,
    0.34111326766280703,
    0.3389588261421877,
    0.3352121503089373,
    0.333689273974766,
    0.33044792736728734,
    0.3275873368016828,
    0.3253663464095265,
    0.323018079724746,
    0.3200440985230973,
    0.31950309808357075,
    0.31728011469681044,
    0.31588365055454043,
    0.3132418298516601,
    0.3131458408440264,
    0.3115841775013806,
    0.30850338018216644,
    0.3070584307677639,
    0.3052983643671575,
    0.30371297634066863,
    0.3027515654175426,
    0.3013642758678514
  ],
  "client_sizes": [
    1200,
    1200,
    1200,
    1200,
    1200,
    1200,
    1200,
    1200,
    1200,
    1200,
    1200,
    1200,
    1200,
    1200,
    1200,
    1200,
    1200,
    1200,
    1200,
    1200,
    1200,
    1200,
    1200,
    1200,
    1200,
    1200,
    1200,
    1200,
    1200,
    1200,
    1200,
    1200,
    1200,
    1200,
    1200,
    1200,
    1200,
    1200,
    1200,
    1200,
    1200,
    1200,
    1200,
    1200,
    1200,
    1200,
    1200,
    1200,
    1200,
    1200
  ],
  "total_time_seconds": 497.0295262336731,
  "final_accuracy": 89.15,
  "final_loss": 0.3013642758678514,
  "best_accuracy": 89.15
}