{
  "dataset": "fashion_mnist",
  "strategy": "fedmean",
  "condition": "iid_equal",
  "seed": 123,
  "num_clients": 50,
  "num_rounds": 50,
  "local_epochs": 1,
  "test_accuracy": [
    10.0,
    68.2,
    73.29,
    76.8,
    78.33,
    79.12,
    80.07,
    81.07,
    81.97,
    82.65,
    83.02,
    83.74,
    84.12,
    84.5,
    85.09,
    85.23,
    85.61,
    85.85,
    86.16,
    86.17,
    86.37,
    86.52,
    86.71,
    86.73,
    86.93,
    86.95,
    87.2,
    87.17,
    87.34,
    87.46,
    87.57,
    87.59,
    87.92,
    87.81,
    87.9,
    88.04,
    87.98,
    88.34,
    88.34,
    88.42,
    88.6,
    88.51,
    88.62,
    88.86,
    88.8,
    88.87,
    89.05,
    89.29,
    89.03,
    89.29,
    89.09
  ],
  "test_loss": [
    2.304265210422845,
    0.9157327341195494,
    0.734230661449341,
    0.6342378936636562,
    0.5832601799942053,
    0.5517884520486521,
    0.5270435368767181,
    0.5021837154706827,
    0.48604047622162694,
    0.47003342496891753,
    0.45981397386937856,
    0.4424621174320245,
    0.43171025398440255,
    0.4224320885520012,
    0.4116622875578487,
    0.4052222775289426,
    0.3982445002316286,
    0.39340395539903794,
    0.3846107455916679,
    0.3812123457082925,
    0.37667910459513865,
    0.3690891935469243,
    0.36435642081518144,
    0.36198632647625556,
    0.3566193277962482,
    0.3551475244541519,
    0.34875659945721443,
    0.34737123388309066,
    0.34273856323652757,
    0.34229510034711214,
    0.3384196179838607,
    0.33493151320531345,
    0.3344509250963458,
    0.3303248810525329,
    0.32653435986167706,
    0.32373008024863925,
    0.3218631483495426,
    0.3203957466462169,
    0.3187216601718348,
    0.3174742039876243,
    0.3149545065844402,
    0.31244408705840093,
    0.31074267482986084,
    0.30836613242999433,
    0.30701792102080944,
    0.30621822760366024,
    0.3025951916560197,
    0.30095107887928096,
    0.3000238121817478,
    0.3003460635630468,
    0.2962799997994313
  ],
  "client_sizes": [
    1200,
    1200,
    1200,
    1200,
    1200,
    1200,
    1200,
    1200,
    1200,
    1200,
    1200,
    1200,
    1200,
    1200,
    1200,
    1200,
    1200,
    1200,
    1200,
    1200,
    1200,
    1200,
    1200,
    1200,
    1200,
    1200,
    1200,
    1200,
    1200,
    1200,
    1200,
    1200,
    1200,
    1200,
    1200,
    1200,
    1200,
    1200,
    1200,
    1200,
    1200,
    1200,
    1200,
    1200,
    1200,
    1200,
    1200,
    1200,
    1200,
    1200
  ],
  "total_time_seconds": 475.4684462547302,
  "final_accuracy": 89.09,
  "final_loss": 0.2962799997994313,
  "best_accuracy": 89.29
}