{
  "dataset": "fashion_mnist",
  "strategy": "fedmedian",
  "condition": "iid_equal",
  "seed": 789,
  "num_clients": 50,
  "num_rounds": 50,
  "local_epochs": 1,
  "test_accuracy": [
    8.64,
    64.92,
    72.55,
    75.54,
    77.42,
    78.7,
    79.48,
    80.48,
    81.37,
    81.71,
    82.5,
    82.8,
    83.51,
    83.74,
    84.26,
    84.55,
    84.93,
    85.2,
    85.55,
    85.6,
    85.9,
    86.05,
    86.33,
    86.54,
    86.68,
    86.71,
    87.0,
    86.91,
    87.09,
    87.17,
    87.31,
    87.52,
    87.66,
    87.73,
    87.84,
    88.01,
    88.06,
    88.04,
    88.19,
    88.24,
    88.34,
    88.39,
    88.47,
    88.67,
    88.69,
    88.64,
    88.76,
    88.7,
    88.74,
    88.84,
    88.99
  ],
  "test_loss": [
    2.3019711986517373,
    0.9819163478220614,
    0.755751180953492,
    0.6578386328852596,
    0.5995801546322271,
    0.5612194569537434,
    0.5411881412180087,
    0.5146580039026638,
    0.4955020626893821,
    0.48096208388622574,
    0.46812181369946027,
    0.4554166243956112,
    0.44303869525083717,
    0.43300512416389425,
    0.42511555257315836,
    0.4171675396517824,
    0.40668814065166936,
    0.40143304858535245,
    0.39317577144208427,
    0.388209463784489,
    0.3815660709961535,
    0.3768819752402199,
    0.37386426860436844,
    0.36929506011093005,
    0.3632334166298659,
    0.3608607681224141,
    0.35661015362023546,
    0.35295488832952876,
    0.3497884107259706,
    0.3484828371923572,
    0.3450269898572288,
    0.34278941223510917,
    0.33641599897092905,
    0.3368201345300522,
    0.3323491619060786,
    0.33076611387367827,
    0.3281466100519648,
    0.3267580137109033,
    0.3236190097662397,
    0.32293280464010876,
    0.3199036255383644,
    0.3176277185590884,
    0.3167544226057994,
    0.31377544013646463,
    0.3116541016763582,
    0.3104828147175975,
    0.30952273097377236,
    0.3065439414459105,
    0.3070231063630634,
    0.306025788985407,
    0.3026080244598678
  ],
  "client_sizes": [
    1200,
    1200,
    1200,
    1200,
    1200,
    1200,
    1200,
    1200,
    1200,
    1200,
    1200,
    1200,
    1200,
    1200,
    1200,
    1200,
    1200,
    1200,
    1200,
    1200,
    1200,
    1200,
    1200,
    1200,
    1200,
    1200,
    1200,
    1200,
    1200,
    1200,
    1200,
    1200,
    1200,
    1200,
    1200,
    1200,
    1200,
    1200,
    1200,
    1200,
    1200,
    1200,
    1200,
    1200,
    1200,
    1200,
    1200,
    1200,
    1200,
    1200
  ],
  "total_time_seconds": 496.4259989261627,
  "final_accuracy": 88.99,
  "final_loss": 0.3026080244598678,
  "best_accuracy": 88.99
}