{
  "dataset": "fashion_mnist",
  "strategy": "fedmedian",
  "condition": "iid_equal",
  "seed": 1011,
  "num_clients": 50,
  "num_rounds": 50,
  "local_epochs": 1,
  "test_accuracy": [
    10.0,
    66.48,
    73.44,
    76.4,
    77.73,
    78.98,
    79.83,
    80.12,
    81.2,
    81.83,
    82.36,
    83.4,
    83.92,
    84.37,
    84.72,
    85.0,
    85.18,
    85.47,
    85.84,
    86.25,
    86.24,
    86.37,
    86.49,
    86.48,
    86.78,
    86.78,
    86.97,
    87.08,
    87.13,
    87.39,
    87.32,
    87.5,
    87.63,
    87.78,
    87.85,
    88.02,
    88.17,
    88.1,
    88.28,
    88.25,
    88.39,
    88.49,
    88.46,
    88.53,
    88.58,
    88.69,
    88.92,
    88.82,
    88.95,
    88.97,
    89.11
  ],
  "test_loss": [
    2.316710524665662,
    0.9417929969275721,
    0.7386724771782994,
    0.6334623188827746,
    0.5851186018782302,
    0.5539364392955464,
    0.5256179686361989,
    0.5121124813351007,
    0.4921563401008947,
    0.4762156577632069,
    0.4631631404827959,
    0.45027594687268374,
    0.43788175422924397,
    0.4307315448126473,
    0.41960732031839726,
    0.41201713885933444,
    0.4076875289693808,
    0.39924687875535925,
    0.39381235964096395,
    0.3846018205816373,
    0.38290858901918123,
    0.37686473005019816,
    0.37242151451663086,
    0.3687636492827449,
    0.3643364905358884,
    0.36203399155372246,
    0.3566624200382172,
    0.3538934411808325,
    0.3498115577160741,
    0.3451694832942166,
    0.3438483839646315,
    0.34215922748890165,
    0.33738406231037726,
    0.3352600037337492,
    0.33339829078783245,
    0.33165782945938765,
    0.33037903881111086,
    0.3270055859471662,
    0.3233440095743242,
    0.32360388008883584,
    0.31981569281020483,
    0.317266810911532,
    0.3157920899887245,
    0.3158287242197762,
    0.31272915397255946,
    0.31154443593785025,
    0.3082485164697178,
    0.3069928618261037,
    0.30548365985433135,
    0.3040083348751068,
    0.30292193303569054
  ],
  "client_sizes": [
    1200,
    1200,
    1200,
    1200,
    1200,
    1200,
    1200,
    1200,
    1200,
    1200,
    1200,
    1200,
    1200,
    1200,
    1200,
    1200,
    1200,
    1200,
    1200,
    1200,
    1200,
    1200,
    1200,
    1200,
    1200,
    1200,
    1200,
    1200,
    1200,
    1200,
    1200,
    1200,
    1200,
    1200,
    1200,
    1200,
    1200,
    1200,
    1200,
    1200,
    1200,
    1200,
    1200,
    1200,
    1200,
    1200,
    1200,
    1200,
    1200,
    1200
  ],
  "total_time_seconds": 496.9784767627716,
  "final_accuracy": 89.11,
  "final_loss": 0.30292193303569054,
  "best_accuracy": 89.11
}