{
  "dataset": "fashion_mnist",
  "strategy": "fedmedian",
  "condition": "iid_equal",
  "seed": 456,
  "num_clients": 50,
  "num_rounds": 50,
  "local_epochs": 1,
  "test_accuracy": [
    10.25,
    62.93,
    72.37,
    76.18,
    77.86,
    78.64,
    79.77,
    81.12,
    81.37,
    82.84,
    83.32,
    83.81,
    84.33,
    84.84,
    84.87,
    85.35,
    85.32,
    85.81,
    86.29,
    86.23,
    86.56,
    86.68,
    86.93,
    86.93,
    87.08,
    87.16,
    87.38,
    87.41,
    87.66,
    87.75,
    87.92,
    87.93,
    88.15,
    88.11,
    88.17,
    88.25,
    88.29,
    88.42,
    88.45,
    88.56,
    88.62,
    88.78,
    88.83,
    88.83,
    88.93,
    89.04,
    89.06,
    88.91,
    88.95,
    89.01,
    89.18
  ],
  "test_loss": [
    2.3049960258288884,
    0.9668589558083409,
    0.7467535333321117,
    0.6413102298498915,
    0.585031901114284,
    0.5544891570703671,
    0.5222986330525182,
    0.5022685840583077,
    0.4837221504685978,
    0.46480669152622406,
    0.4503840525595906,
    0.4399451548203874,
    0.43145301085881915,
    0.4179334674304286,
    0.41292757529039353,
    0.40119010714677195,
    0.40081126797503935,
    0.38888345573085564,
    0.38221774776332296,
    0.3764600425768203,
    0.37410430681591217,
    0.3675752989828777,
    0.3620883167123261,
    0.3606501364955506,
    0.3554562416891701,
    0.35303435600794164,
    0.3491188601944774,
    0.34607521489786264,
    0.3416398264610539,
    0.33967969972437945,
    0.33625921109518686,
    0.3346679752674727,
    0.3299360052227212,
    0.3299432234070933,
    0.32752818795153127,
    0.3236859653133173,
    0.32116903857396434,
    0.31853219812003947,
    0.3190028904297481,
    0.3158001696673064,
    0.31333958916961197,
    0.31070841320406517,
    0.3087035318414053,
    0.30792081641693847,
    0.3052892531402195,
    0.30390507208939177,
    0.30222566294879577,
    0.3020908128196439,
    0.30059796428908936,
    0.2998923996862131,
    0.2988021486578658
  ],
  "client_sizes": [
    1200,
    1200,
    1200,
    1200,
    1200,
    1200,
    1200,
    1200,
    1200,
    1200,
    1200,
    1200,
    1200,
    1200,
    1200,
    1200,
    1200,
    1200,
    1200,
    1200,
    1200,
    1200,
    1200,
    1200,
    1200,
    1200,
    1200,
    1200,
    1200,
    1200,
    1200,
    1200,
    1200,
    1200,
    1200,
    1200,
    1200,
    1200,
    1200,
    1200,
    1200,
    1200,
    1200,
    1200,
    1200,
    1200,
    1200,
    1200,
    1200,
    1200
  ],
  "total_time_seconds": 493.8177285194397,
  "final_accuracy": 89.18,
  "final_loss": 0.2988021486578658,
  "best_accuracy": 89.18
}