{
  "dataset": "fashion_mnist",
  "strategy": "fedmedian",
  "condition": "iid_equal",
  "seed": 42,
  "num_clients": 50,
  "num_rounds": 50,
  "local_epochs": 1,
  "test_accuracy": [
    9.97,
    67.58,
    71.92,
    75.24,
    77.08,
    78.37,
    79.65,
    80.49,
    81.3,
    82.25,
    82.78,
    83.42,
    83.81,
    83.9,
    84.44,
    84.76,
    85.05,
    85.38,
    85.13,
    85.58,
    85.61,
    86.07,
    86.38,
    86.63,
    86.66,
    86.72,
    87.0,
    87.08,
    87.22,
    87.42,
    87.51,
    87.46,
    87.58,
    87.52,
    87.65,
    87.82,
    87.81,
    87.97,
    88.04,
    88.2,
    88.32,
    88.32,
    88.27,
    88.33,
    88.5,
    88.59,
    88.63,
    88.68,
    88.75,
    88.69,
    88.81
  ],
  "test_loss": [
    2.3033670266977135,
    0.9184917432431596,
    0.7302076089115569,
    0.6487496027740808,
    0.6018322544356886,
    0.5665387728343756,
    0.5358873940885257,
    0.5123902530239793,
    0.49674812635293786,
    0.4774772985198627,
    0.46740643442057955,
    0.4532927746018663,
    0.444765867564244,
    0.435637336283827,
    0.42508236483072703,
    0.4154865249467734,
    0.40908130817710403,
    0.4016037037768684,
    0.3966074883699798,
    0.39037919561036477,
    0.3868215489216125,
    0.3791714030594681,
    0.37622439409025943,
    0.3724250647301872,
    0.36638177137452954,
    0.36341463474515145,
    0.3606948471321656,
    0.35686983214542506,
    0.35414616724315545,
    0.3497057853462978,
    0.34586370557832263,
    0.34655123015943046,
    0.3445742373792127,
    0.3380337437263693,
    0.3404370549078376,
    0.3345271687680921,
    0.32927126470750895,
    0.33041102397508515,
    0.3266915916301572,
    0.3256078617403302,
    0.321366248753505,
    0.320467795236423,
    0.3181847420077735,
    0.315231715111782,
    0.3145531954142613,
    0.31430358186173746,
    0.3113082192076471,
    0.30808793760526676,
    0.30744669321008,
    0.30786997967729934,
    0.30419452013537146
  ],
  "client_sizes": [
    1200,
    1200,
    1200,
    1200,
    1200,
    1200,
    1200,
    1200,
    1200,
    1200,
    1200,
    1200,
    1200,
    1200,
    1200,
    1200,
    1200,
    1200,
    1200,
    1200,
    1200,
    1200,
    1200,
    1200,
    1200,
    1200,
    1200,
    1200,
    1200,
    1200,
    1200,
    1200,
    1200,
    1200,
    1200,
    1200,
    1200,
    1200,
    1200,
    1200,
    1200,
    1200,
    1200,
    1200,
    1200,
    1200,
    1200,
    1200,
    1200,
    1200
  ],
  "total_time_seconds": 496.72516918182373,
  "final_accuracy": 88.81,
  "final_loss": 0.30419452013537146,
  "best_accuracy": 88.81
}