{
  "dataset": "fashion_mnist",
  "strategy": "fedmean",
  "condition": "iid_equal",
  "seed": 42,
  "num_clients": 50,
  "num_rounds": 50,
  "local_epochs": 1,
  "test_accuracy": [
    9.97,
    65.0,
    72.1,
    75.08,
    77.68,
    78.31,
    79.44,
    80.62,
    81.72,
    82.24,
    82.96,
    83.18,
    83.75,
    83.96,
    84.24,
    84.59,
    84.85,
    85.12,
    85.31,
    85.58,
    85.8,
    85.77,
    86.45,
    86.41,
    86.65,
    86.91,
    87.19,
    87.04,
    87.24,
    87.37,
    87.46,
    87.5,
    87.63,
    87.77,
    87.64,
    87.87,
    87.92,
    87.92,
    88.15,
    88.18,
    88.34,
    88.43,
    88.4,
    88.56,
    88.62,
    88.64,
    88.57,
    88.84,
    88.75,
    88.87,
    89.0
  ],
  "test_loss": [
    2.3033670266977135,
    0.9385563801652708,
    0.74726452804602,
    0.6574237035295833,
    0.5963478366406961,
    0.56512611133222,
    0.537317724749684,
    0.514748720696178,
    0.4927871632880677,
    0.47962447496267935,
    0.46414889133395476,
    0.45327383779679625,
    0.44171502200749735,
    0.4344007914153913,
    0.42557042508650894,
    0.4168678112447071,
    0.40772062959000704,
    0.40015397837367683,
    0.3931702703666001,
    0.387984913378097,
    0.38453846353406723,
    0.378641084824412,
    0.37313784989781273,
    0.3701100519623238,
    0.36502641934556324,
    0.36268367006565433,
    0.3552763760327912,
    0.35276640028047107,
    0.34988197381980124,
    0.3460636654862771,
    0.3444024725034595,
    0.34188226093880286,
    0.33964404656578556,
    0.3366430437269683,
    0.3364274776019989,
    0.33002376006529355,
    0.3300276419844109,
    0.32704013202803583,
    0.3235082643719527,
    0.32226542056130525,
    0.32064861561448427,
    0.3180799413793765,
    0.3154800820488709,
    0.31399223303642515,
    0.3119013270440574,
    0.31094508282483196,
    0.30807598800466846,
    0.3074203632034052,
    0.30518667435588925,
    0.304557509458484,
    0.30210116859108876
  ],
  "client_sizes": [
    1200,
    1200,
    1200,
    1200,
    1200,
    1200,
    1200,
    1200,
    1200,
    1200,
    1200,
    1200,
    1200,
    1200,
    1200,
    1200,
    1200,
    1200,
    1200,
    1200,
    1200,
    1200,
    1200,
    1200,
    1200,
    1200,
    1200,
    1200,
    1200,
    1200,
    1200,
    1200,
    1200,
    1200,
    1200,
    1200,
    1200,
    1200,
    1200,
    1200,
    1200,
    1200,
    1200,
    1200,
    1200,
    1200,
    1200,
    1200,
    1200,
    1200
  ],
  "total_time_seconds": 479.34229469299316,
  "final_accuracy": 89.0,
  "final_loss": 0.30210116859108876,
  "best_accuracy": 89.0
}