{
  "rounds": [
    0,
    1,
    2,
    3,
    4,
    5,
    6,
    7,
    8,
    9,
    10,
    11,
    12,
    13,
    14,
    15,
    16,
    17,
    18,
    19,
    20,
    21,
    22,
    23,
    24,
    25,
    26,
    27,
    28,
    29,
    30,
    31,
    32,
    33,
    34,
    35,
    36,
    37,
    38,
    39,
    40,
    41,
    42,
    43,
    44,
    45,
    46,
    47,
    48,
    49,
    50
  ],
  "train_loss": [],
  "train_accuracy": [],
  "test_accuracy": [
    10.11,
    32.51,
    45.16,
    48.96,
    51.95,
    54.16,
    56.41,
    57.81,
    59.37,
    60.08,
    61.4,
    62.12,
    63.29,
    64.36,
    65.59,
    65.62,
    66.03,
    66.55,
    66.86,
    66.92,
    67.63,
    67.89,
    67.83,
    68.41,
    68.98,
    68.85,
    69.27,
    69.65,
    69.78,
    70.3,
    70.29,
    70.78,
    70.66,
    70.94,
    71.09,
    71.25,
    71.36,
    71.22,
    71.69,
    71.62,
    71.42,
    71.75,
    71.66,
    71.83,
    71.86,
    72.09,
    72.22,
    72.15,
    71.72,
    72.13,
    72.05
  ],
  "test_loss": [
    2.310339587184187,
    2.1579219015261617,
    1.787035101137984,
    1.53235086351157,
    1.3935939591532698,
    1.2968075999055808,
    1.2298958985188517,
    1.1886357171847797,
    1.1409066641292633,
    1.117880341153556,
    1.0827605526287334,
    1.0613602529318569,
    1.0377553691879249,
    1.0126136520419258,
    0.9859259728425608,
    0.9761852298300868,
    0.9684742719601518,
    0.9586081150621651,
    0.9519686607507091,
    0.9507764010383679,
    0.9347865664349577,
    0.9308352773181927,
    0.9276920093324619,
    0.9161953758507871,
    0.9028128265572813,
    0.8977628468324582,
    0.8920785816142354,
    0.8835980214249973,
    0.8805489016417116,
    0.8727032036636584,
    0.8720494732498741,
    0.860624322876001,
    0.860580789776275,
    0.8567624676722688,
    0.8542274157650555,
    0.8491052029231867,
    0.8522664240945261,
    0.8503136912854715,
    0.844060196568029,
    0.8405922199019228,
    0.8486782638028788,
    0.8414287349096121,
    0.8460231863271696,
    0.8387870214427241,
    0.8453499010195747,
    0.8354933604645652,
    0.8372760923525777,
    0.8361623940376428,
    0.8474998543628107,
    0.8406961510737483,
    0.8432917439709076
  ]
}