{
  "rounds": [
    0,
    1,
    2,
    3,
    4,
    5,
    6,
    7,
    8,
    9,
    10,
    11,
    12,
    13,
    14,
    15,
    16,
    17,
    18,
    19,
    20,
    21,
    22,
    23,
    24,
    25,
    26,
    27,
    28,
    29,
    30,
    31,
    32,
    33,
    34,
    35,
    36,
    37,
    38,
    39,
    40,
    41,
    42,
    43,
    44,
    45,
    46,
    47,
    48,
    49,
    50
  ],
  "train_loss": [],
  "train_accuracy": [],
  "test_accuracy": [
    7.67,
    13.22,
    10.97,
    15.99,
    17.21,
    23.43,
    22.3,
    23.16,
    21.82,
    22.61,
    18.38,
    22.91,
    24.22,
    21.92,
    22.88,
    19.39,
    25.28,
    24.82,
    19.14,
    24.39,
    22.75,
    21.8,
    24.73,
    24.94,
    24.88,
    23.02,
    24.16,
    26.11,
    22.8,
    23.49,
    21.78,
    22.13,
    22.61,
    23.7,
    21.56,
    17.09,
    25.32,
    23.94,
    25.34,
    22.58,
    21.19,
    20.02,
    23.59,
    22.48,
    22.26,
    19.8,
    15.84,
    19.23,
    22.99,
    10.0,
    10.0
  ],
  "test_loss": [
    2.3113718710768336,
    4.1631696765034345,
    2.6668840254457615,
    2.3935109765384905,
    2.784416680899672,
    2.243374941067193,
    2.166502501256169,
    2.259326966045002,
    2.162891019266634,
    2.119348999029531,
    2.4251650130025113,
    2.1715025284800666,
    2.097244197187332,
    2.1474104552223277,
    2.1163658082675627,
    2.2231046764995344,
    2.055669738461796,
    2.0436878927980366,
    2.235699653244628,
    2.0654215184263527,
    2.276061007390007,
    2.113289600744034,
    2.1031620510089133,
    2.077921389010006,
    2.1432192516022215,
    2.064934584660271,
    2.080425783848991,
    2.029384605039042,
    2.074280458898209,
    2.1231494033679414,
    2.149282824117155,
    2.177474735263057,
    2.1391002686259846,
    2.082971996773546,
    2.1817826562034437,
    2.312524986724122,
    2.0209076210332753,
    2.077967619743591,
    2.063020329886732,
    2.1713139904192844,
    2.1147069298802093,
    2.124367644611639,
    2.0771700223794762,
    2.2133004794867275,
    2.0473994241354947,
    2.354682827529054,
    2.4231069194623074,
    2.1657695511278634,
    2.094890154969578,
    NaN,
    NaN
  ]
}