{
  "rounds": [
    0,
    1,
    2,
    3,
    4,
    5,
    6,
    7,
    8,
    9,
    10,
    11,
    12,
    13,
    14,
    15,
    16,
    17,
    18,
    19,
    20,
    21,
    22,
    23,
    24,
    25,
    26,
    27,
    28,
    29,
    30,
    31,
    32,
    33,
    34,
    35,
    36,
    37,
    38,
    39,
    40,
    41,
    42,
    43,
    44,
    45,
    46,
    47,
    48,
    49,
    50
  ],
  "train_loss": [],
  "train_accuracy": [],
  "test_accuracy": [
    11.67,
    17.03,
    38.55,
    45.58,
    48.93,
    53.02,
    55.66,
    56.94,
    58.46,
    59.51,
    60.44,
    60.92,
    61.77,
    61.76,
    62.15,
    62.82,
    63.24,
    63.77,
    64.34,
    64.37,
    64.12,
    65.04,
    65.04,
    65.67,
    66.19,
    66.31,
    66.28,
    66.41,
    65.99,
    66.44,
    66.26,
    66.69,
    66.72,
    66.93,
    66.97,
    67.07,
    66.77,
    67.26,
    67.68,
    67.43,
    67.72,
    67.9,
    67.73,
    67.31,
    67.62,
    67.46,
    67.92,
    68.01,
    68.01,
    68.27,
    68.33
  ],
  "test_loss": [
    2.3099594596094977,
    2.2845972589791392,
    2.0844219919210807,
    1.8524592714949537,
    1.70630667384821,
    1.572365710910517,
    1.5106786417123228,
    1.4632857836092623,
    1.4060257037226764,
    1.3636604200917692,
    1.326161467610076,
    1.3153748043809836,
    1.2770904424472358,
    1.2567091323316288,
    1.250468745399207,
    1.220939893311205,
    1.2023605353916034,
    1.1910815844520592,
    1.1667355432297095,
    1.160183490084383,
    1.1585125946008359,
    1.1400793309028918,
    1.1328976693244788,
    1.109852592213847,
    1.0959067001891212,
    1.0781067476485864,
    1.075245864094256,
    1.0626437860175062,
    1.0692658799524886,
    1.0692130807108773,
    1.062969742110743,
    1.0453929373631463,
    1.043596876695895,
    1.0281769589494212,
    1.0319540782477528,
    1.0370659035996508,
    1.027022135333893,
    1.0231783414801088,
    1.011352873267457,
    1.0096291113204467,
    1.0102672609277428,
    0.9994655495253615,
    1.0050170695819793,
    1.0075640657458442,
    0.9944584367755122,
    0.9909592672658805,
    0.9876842388329795,
    0.9842874537260768,
    0.9790898492922798,
    0.9890535058685765,
    0.975088366685203
  ]
}