{
  "rounds": [
    0,
    1,
    2,
    3,
    4,
    5,
    6,
    7,
    8,
    9,
    10,
    11,
    12,
    13,
    14,
    15,
    16,
    17,
    18,
    19,
    20,
    21,
    22,
    23,
    24,
    25,
    26,
    27,
    28,
    29,
    30,
    31,
    32,
    33,
    34,
    35,
    36,
    37,
    38,
    39,
    40,
    41,
    42,
    43,
    44,
    45,
    46,
    47,
    48,
    49,
    50
  ],
  "train_loss": [],
  "train_accuracy": [],
  "test_accuracy": [
    7.11,
    27.17,
    47.6,
    50.41,
    53.85,
    56.37,
    59.3,
    60.98,
    62.35,
    63.75,
    64.63,
    65.54,
    65.53,
    66.54,
    66.57,
    67.22,
    67.79,
    68.04,
    68.4,
    68.66,
    68.82,
    69.23,
    69.42,
    69.56,
    69.86,
    70.44,
    70.49,
    71.12,
    71.01,
    70.91,
    71.27,
    71.48,
    71.76,
    71.63,
    72.16,
    72.07,
    72.19,
    72.11,
    72.2,
    72.23,
    72.48,
    72.36,
    72.63,
    72.66,
    73.06,
    73.15,
    73.23,
    73.11,
    72.77,
    73.03,
    73.43
  ],
  "test_loss": [
    2.3168133523898384,
    2.205587587417505,
    1.7400953975348428,
    1.5114890820683,
    1.407020259589052,
    1.3206387541164606,
    1.2639654524410113,
    1.207996965597232,
    1.1630787462853014,
    1.1278768859732264,
    1.0959574808708776,
    1.069946144335567,
    1.050313007336455,
    1.0370252856050437,
    1.0274902382216895,
    1.0139657573197216,
    0.9933039919256021,
    0.9775411608500983,
    0.9611617888505466,
    0.9555536754215106,
    0.9435803741692735,
    0.9378284194979805,
    0.9406065702819215,
    0.9255053709490231,
    0.9029077062972437,
    0.9035928729243172,
    0.8955628746233809,
    0.8884539598474106,
    0.8844117139475033,
    0.8865931470173235,
    0.8737103114493738,
    0.8753952614415568,
    0.864806027648548,
    0.8586314869003174,
    0.8507157912650428,
    0.8497029697171415,
    0.8536568676320889,
    0.8527158755844775,
    0.8462809189059102,
    0.8363856313327631,
    0.8329051859653034,
    0.8364861414264947,
    0.8252807901309321,
    0.8240587504717488,
    0.8192235806498664,
    0.8160008628147478,
    0.8187213550550869,
    0.8149001329851607,
    0.8235711582933372,
    0.8118207016691994,
    0.8064816317047936
  ]
}