{
  "rounds": [
    0,
    1,
    2,
    3,
    4,
    5,
    6,
    7,
    8,
    9,
    10,
    11,
    12,
    13,
    14,
    15,
    16,
    17,
    18,
    19,
    20,
    21,
    22,
    23,
    24,
    25,
    26,
    27,
    28,
    29,
    30,
    31,
    32,
    33,
    34,
    35,
    36,
    37,
    38,
    39,
    40,
    41,
    42,
    43,
    44,
    45,
    46,
    47,
    48,
    49,
    50
  ],
  "train_loss": [],
  "train_accuracy": [],
  "test_accuracy": [
    10.33,
    39.37,
    46.34,
    50.92,
    54.32,
    57.61,
    59.98,
    61.82,
    63.56,
    64.74,
    66.02,
    66.79,
    67.75,
    68.82,
    68.91,
    69.62,
    69.78,
    70.27,
    70.91,
    71.2,
    71.77,
    72.2,
    72.13,
    72.38,
    72.94,
    73.03,
    73.41,
    73.27,
    73.64,
    73.62,
    73.79,
    73.82,
    74.09,
    74.4,
    74.65,
    74.45,
    74.69,
    74.85,
    75.14,
    75.18,
    75.21,
    75.4,
    75.22,
    75.53,
    75.34,
    75.42,
    76.13,
    75.89,
    75.99,
    76.16,
    75.98
  ],
  "test_loss": [
    2.303586406829639,
    2.0376977025510405,
    1.5890140586767714,
    1.4027297713886053,
    1.2842459575817609,
    1.2042859895541644,
    1.138613568898588,
    1.086808469158392,
    1.039948028878282,
    1.009154436496881,
    0.976726515795857,
    0.9587368586192877,
    0.9320789183290622,
    0.9099552559966858,
    0.8964232452951681,
    0.8883963642409816,
    0.8755902214743458,
    0.8638494205170165,
    0.8509583663635741,
    0.8427395919641367,
    0.8303062217875411,
    0.8174212222662978,
    0.8181851224396557,
    0.8106209882341635,
    0.7964835260241938,
    0.794460097060036,
    0.7817173446900547,
    0.7834103831087058,
    0.7774669868877521,
    0.7741524241031549,
    0.7667931924803189,
    0.7640888550982308,
    0.7581729157664143,
    0.7522175623395573,
    0.745897386306391,
    0.7521464276237609,
    0.7417965504688958,
    0.7396017511050922,
    0.7376569606625615,
    0.7297714222163058,
    0.7324682568399289,
    0.727076923313994,
    0.7298354763573351,
    0.7234358998914115,
    0.7211726184089344,
    0.7173420872551184,
    0.7083998879495139,
    0.71394592714005,
    0.7199081058700245,
    0.715784590274762,
    0.7109704800307179
  ]
}