{
  "rounds": [
    0,
    1,
    2,
    3,
    4,
    5,
    6,
    7,
    8,
    9,
    10,
    11,
    12,
    13,
    14,
    15,
    16,
    17,
    18,
    19,
    20,
    21,
    22,
    23,
    24,
    25,
    26,
    27,
    28,
    29,
    30,
    31,
    32,
    33,
    34,
    35,
    36,
    37,
    38,
    39,
    40,
    41,
    42,
    43,
    44,
    45,
    46,
    47,
    48,
    49,
    50
  ],
  "train_loss": [],
  "train_accuracy": [],
  "test_accuracy": [
    9.2,
    35.06,
    49.01,
    53.27,
    57.17,
    60.63,
    62.25,
    64.5,
    66.15,
    67.15,
    68.47,
    68.95,
    69.57,
    70.03,
    70.77,
    71.19,
    71.49,
    72.06,
    72.62,
    72.94,
    72.71,
    73.36,
    73.69,
    74.49,
    74.79,
    74.59,
    75.29,
    75.42,
    75.54,
    75.67,
    76.07,
    76.29,
    76.52,
    76.38,
    76.27,
    76.76,
    76.47,
    76.85,
    77.26,
    77.04,
    77.08,
    77.18,
    77.09,
    77.16,
    77.34,
    77.81,
    77.69,
    77.63,
    77.74,
    77.59,
    77.98
  ],
  "test_loss": [
    2.3091235572156816,
    2.0482422357169203,
    1.51993050857093,
    1.3297769973834102,
    1.2124519310058497,
    1.1265538829964952,
    1.0652856676342388,
    1.0180917970669536,
    0.9843728327141783,
    0.955181362529913,
    0.9227587613053977,
    0.9092821909215885,
    0.8860676113408975,
    0.8694608072503306,
    0.8525169317524273,
    0.8351158394028966,
    0.8212663576054496,
    0.8083823366096606,
    0.7946133355553539,
    0.7874183736670132,
    0.7871742903614958,
    0.7742221503021618,
    0.765780189642891,
    0.7535954576711685,
    0.7418882911578535,
    0.7439930434234607,
    0.7308082688159455,
    0.7249910774322363,
    0.7186971481044453,
    0.7175681798602827,
    0.7081106345112712,
    0.7045825995957128,
    0.7013497940077188,
    0.7024944013300033,
    0.6997881544093354,
    0.6942490283102273,
    0.6908576825556283,
    0.6881473329596626,
    0.6799993445507635,
    0.6827056463153217,
    0.6806985732084646,
    0.673769539775559,
    0.6781346382805333,
    0.673260649267477,
    0.6695133062025991,
    0.6616176886680408,
    0.6607852199207098,
    0.6623119408139786,
    0.6558235741842288,
    0.6589804660207548,
    0.6535704643391191
  ]
}