{
  "rounds": [
    0,
    1,
    2,
    3,
    4,
    5,
    6,
    7,
    8,
    9,
    10,
    11,
    12,
    13,
    14,
    15,
    16,
    17,
    18,
    19,
    20,
    21,
    22,
    23,
    24,
    25,
    26,
    27,
    28,
    29,
    30,
    31,
    32,
    33,
    34,
    35,
    36,
    37,
    38,
    39,
    40,
    41,
    42,
    43,
    44,
    45,
    46,
    47,
    48,
    49,
    50
  ],
  "train_loss": [],
  "train_accuracy": [],
  "test_accuracy": [
    9.68,
    11.39,
    11.39,
    13.06,
    14.8,
    16.07,
    12.08,
    13.78,
    8.95,
    10.44,
    10.6,
    9.71,
    10.34,
    9.78,
    9.79,
    9.83,
    9.6,
    10.01,
    10.12,
    10.01,
    9.97,
    9.66,
    10.04,
    9.96,
    9.57,
    10.05,
    9.98,
    9.97,
    10.0,
    10.01,
    9.95,
    10.01,
    9.98,
    10.02,
    9.96,
    10.0,
    10.01,
    9.99,
    10.02,
    10.0,
    10.01,
    9.98,
    10.0,
    10.0,
    10.01,
    10.0,
    10.01,
    10.0,
    10.0,
    10.0,
    10.01
  ],
  "test_loss": [
    2.3081456312356283,
    6.40804205458766,
    2.493938404912004,
    2.412870454712036,
    2.5468898527919293,
    2.4772743428477084,
    2.511424824833489,
    2.7473532239469094,
    2.428925302462837,
    2.665193514321178,
    2.4573229219966803,
    2.464904307557371,
    2.509077754645302,
    2.879630427771864,
    2.375896813389592,
    2.413090858977443,
    2.3731795477029234,
    2.3960019704252007,
    2.342099803705185,
    2.380844203808818,
    2.3519785091899834,
    2.465443353683423,
    2.389453182586085,
    2.387418922144003,
    2.401032844671426,
    2.3621894536307826,
    2.3556093156528166,
    2.366686957331892,
    2.4419582316669795,
    2.3521825010403274,
    2.377465830824246,
    2.351935401892129,
    2.355182135828768,
    2.3698408824567214,
    2.3421345000830702,
    2.3514931552326335,
    2.3813789545918427,
    2.3942708984350625,
    2.45137764699162,
    2.356434940910949,
    2.363051567595607,
    2.4164497471465087,
    2.326142652347065,
    2.3468624867570287,
    2.3611530236923657,
    2.3258494515769397,
    2.334239260457194,
    2.417508171008418,
    2.322426739592141,
    2.361741316585114,
    2.325384319019013
  ]
}