{
  "rounds": [
    0,
    1,
    2,
    3,
    4,
    5,
    6,
    7,
    8,
    9,
    10,
    11,
    12,
    13,
    14,
    15,
    16,
    17,
    18,
    19,
    20,
    21,
    22,
    23,
    24,
    25,
    26,
    27,
    28,
    29,
    30,
    31,
    32,
    33,
    34,
    35,
    36,
    37,
    38,
    39,
    40,
    41,
    42,
    43,
    44,
    45,
    46,
    47,
    48,
    49,
    50
  ],
  "train_loss": [],
  "train_accuracy": [],
  "test_accuracy": [
    12.13,
    10.0,
    28.18,
    39.07,
    43.71,
    46.99,
    49.36,
    51.12,
    53.08,
    54.58,
    55.1,
    56.49,
    57.25,
    57.25,
    58.15,
    58.32,
    59.28,
    59.69,
    60.23,
    59.81,
    60.32,
    60.49,
    60.61,
    61.71,
    61.56,
    61.79,
    61.55,
    61.12,
    61.23,
    61.78,
    62.05,
    61.92,
    62.16,
    62.16,
    62.24,
    62.64,
    63.11,
    62.87,
    62.95,
    62.65,
    62.7,
    62.86,
    63.14,
    62.68,
    62.85,
    62.84,
    62.97,
    62.74,
    62.42,
    63.14,
    63.34
  ],
  "test_loss": [
    2.300484750217523,
    2.2998356065049337,
    2.1876745597242166,
    1.988346369121783,
    1.8081825895431323,
    1.6719248230084063,
    1.5881845254105882,
    1.538503946206821,
    1.4891149624468039,
    1.4441318016844436,
    1.4244443848491095,
    1.3873133008091594,
    1.3466459588882642,
    1.3434769855901456,
    1.3335782883647151,
    1.317805588435822,
    1.282825936715062,
    1.2719332773845418,
    1.26059611213093,
    1.2647506409940628,
    1.2412913934872174,
    1.2425516085883679,
    1.2349475243221075,
    1.2117623751536726,
    1.2082940275295855,
    1.215814655200361,
    1.2104920404025923,
    1.2125785135613463,
    1.2007695150832398,
    1.190772773739629,
    1.1752084904966262,
    1.1806031509329336,
    1.1750150414320608,
    1.1770841153665854,
    1.1745444726639283,
    1.1769531984298756,
    1.159649690690513,
    1.1547714064296442,
    1.1490220139963558,
    1.1506320761796385,
    1.1401478749113723,
    1.1420245100134097,
    1.1329121503967066,
    1.1421267167447855,
    1.1348196972673312,
    1.1394991082505297,
    1.1309467308437482,
    1.1367307147278953,
    1.1302313130503645,
    1.1218265860606307,
    1.1277410064261562
  ]
}