{
  "rounds": [
    0,
    1,
    2,
    3,
    4,
    5,
    6,
    7,
    8,
    9,
    10,
    11,
    12,
    13,
    14,
    15,
    16,
    17,
    18,
    19,
    20,
    21,
    22,
    23,
    24,
    25,
    26,
    27,
    28,
    29,
    30,
    31,
    32,
    33,
    34,
    35,
    36,
    37,
    38,
    39,
    40,
    41,
    42,
    43,
    44,
    45,
    46,
    47,
    48,
    49,
    50
  ],
  "train_loss": [],
  "train_accuracy": [],
  "test_accuracy": [
    12.6,
    18.63,
    28.03,
    35.18,
    34.19,
    34.47,
    33.74,
    38.64,
    35.1,
    36.45,
    35.44,
    38.25,
    32.7,
    36.5,
    35.77,
    38.08,
    34.48,
    38.26,
    37.63,
    37.42,
    34.96,
    37.94,
    38.74,
    38.81,
    40.11,
    34.64,
    38.17,
    37.07,
    36.0,
    38.76,
    35.49,
    38.15,
    38.66,
    33.39,
    38.92,
    35.23,
    35.26,
    34.4,
    37.09,
    37.43,
    37.71,
    34.24,
    38.56,
    36.38,
    38.99,
    33.8,
    39.86,
    37.55,
    34.22,
    38.62,
    35.22
  ],
  "test_loss": [
    2.303129976168989,
    2.382510836893758,
    1.9410518209774272,
    1.769751774236417,
    1.7491172925351908,
    1.749068670379468,
    1.7755684711681767,
    1.621755988453143,
    1.7431271708430573,
    1.7174189620124647,
    1.724239002020595,
    1.7195031433440626,
    1.7695359387717688,
    1.7223231122135736,
    1.6995964850099703,
    1.6757815386921453,
    1.7172600282266879,
    1.6271208269527544,
    1.6807930812287255,
    1.7217881020646506,
    1.7119395812860312,
    1.6668622543255742,
    1.6652883184603609,
    1.6490200971262143,
    1.6275297235757018,
    1.743763918693835,
    1.708859405959376,
    1.6765256887807634,
    1.746653513786511,
    1.6811680142491008,
    1.792778682404052,
    1.6910580739426537,
    1.6491342847720503,
    1.770562139182045,
    1.6828834557304748,
    1.7614980273353407,
    1.7692763138883791,
    1.7913317512780333,
    1.6976990631213202,
    1.6535383935172718,
    1.6594662951966064,
    1.8111592881595746,
    1.6514303688043224,
    1.7064760104535868,
    1.665262740260115,
    1.8055087685965883,
    1.6571686157403283,
    1.6666188502844912,
    1.757890167708595,
    1.6601677626466598,
    1.6966072279043471
  ]
}