{
  "rounds": [
    0,
    1,
    2,
    3,
    4,
    5,
    6,
    7,
    8,
    9,
    10,
    11,
    12,
    13,
    14,
    15,
    16,
    17,
    18,
    19,
    20,
    21,
    22,
    23,
    24,
    25,
    26,
    27,
    28,
    29,
    30,
    31,
    32,
    33,
    34,
    35,
    36,
    37,
    38,
    39,
    40,
    41,
    42,
    43,
    44,
    45,
    46,
    47,
    48,
    49,
    50
  ],
  "train_loss": [],
  "train_accuracy": [],
  "test_accuracy": [
    10.21,
    26.14,
    34.48,
    39.09,
    43.7,
    47.0,
    49.35,
    52.43,
    54.01,
    55.31,
    57.32,
    57.76,
    58.19,
    59.32,
    60.45,
    60.59,
    61.71,
    62.42,
    62.71,
    63.19,
    63.47,
    63.84,
    64.25,
    64.69,
    65.4,
    65.56,
    65.53,
    65.57,
    66.25,
    66.05,
    66.07,
    65.97,
    66.23,
    66.38,
    66.69,
    67.01,
    67.42,
    67.84,
    68.22,
    68.17,
    68.3,
    68.29,
    68.01,
    67.73,
    67.78,
    67.68,
    67.75,
    68.63,
    69.34,
    68.9,
    68.89
  ],
  "test_loss": [
    2.301623849442211,
    2.177773040704453,
    1.932970065278367,
    1.7268560096478691,
    1.5683333431950772,
    1.453832548647262,
    1.3885306005660718,
    1.3132268529349622,
    1.2694411708143192,
    1.2443732651658714,
    1.1901371294317153,
    1.1704829916024742,
    1.1598596094896236,
    1.135573938631783,
    1.1141780759579838,
    1.1127134039760016,
    1.0893193498587075,
    1.0797383747161768,
    1.072547814526116,
    1.0521300793074952,
    1.0393297158110255,
    1.04410027267453,
    1.032027408813897,
    1.0193380053622274,
    1.0075546969620945,
    1.000289844533506,
    1.0017541612679965,
    1.0035925881740766,
    0.9845347049327704,
    0.9975166456958356,
    1.0015584068557324,
    1.015234531685948,
    1.0181555011021062,
    1.013771840463431,
    1.005346466367618,
    0.997130285627164,
    0.9922358382243318,
    0.9791574434350474,
    0.9720525081736592,
    0.9720513814935288,
    0.9701844798490262,
    0.9657038993919238,
    0.9812867627166711,
    0.9948260075748919,
    1.0001958757162857,
    1.0111290657291778,
    1.007141926132452,
    0.9880150658444474,
    0.9727279007815706,
    0.9835529539722223,
    0.9931136806742452
  ]
}