{
  "rounds": [
    0,
    0,
    1,
    2,
    3,
    4,
    5,
    6,
    7,
    8,
    9,
    10,
    11,
    12,
    13,
    14,
    15,
    16,
    17,
    18,
    19,
    20
  ],
  "train_loss": [],
  "train_accuracy": [],
  "test_accuracy": [
    8.6,
    18.94,
    26.0,
    33.18,
    38.11,
    40.39,
    39.42,
    34.99,
    37.48,
    42.18,
    43.0,
    44.82,
    45.33,
    40.6,
    44.42,
    42.72,
    46.03,
    41.56,
    43.31,
    46.43,
    42.14
  ],
  "test_loss": [
    2.30501694191759,
    2.0515385968997455,
    2.002060360421007,
    1.7859479306985775,
    1.6961293521399696,
    1.666177375248065,
    1.8775297997477718,
    1.9552097088231828,
    1.9549229678254538,
    1.825028633919006,
    1.6325249824280175,
    1.837078124189529,
    1.5277526513837016,
    1.8820734184009198,
    1.596235877408768,
    1.9641603189535415,
    1.7919219317146764,
    1.9782355540095808,
    2.334271097335572,
    2.0140477980668554,
    2.263488136160488
  ],
  "heterogeneity_kl": [
    0.3330350451797084
  ],
  "class_imbalance": [
    0.0831182520698999
  ]
}