{
  "rounds": [
    0,
    0,
    1,
    2,
    3,
    4,
    5,
    6,
    7,
    8,
    9,
    10,
    11,
    12,
    13,
    14,
    15,
    16,
    17,
    18,
    19,
    20
  ],
  "train_loss": [],
  "train_accuracy": [],
  "test_accuracy": [
    8.6,
    10.0,
    10.0,
    10.0,
    11.93,
    11.99,
    11.17,
    12.84,
    9.57,
    9.51,
    9.81,
    10.15,
    10.01,
    10.05,
    10.02,
    10.0,
    16.22,
    12.62,
    11.99,
    11.2,
    10.07
  ],
  "test_loss": [
    2.30501694191759,
    3.2679689768404243,
    2.6228290007898982,
    2.476466821786314,
    3.209608604351933,
    2.832803173187061,
    2.3075168277508915,
    2.3095850807409315,
    2.3190199239566303,
    2.324987156322589,
    2.348679780198362,
    2.5012645927100134,
    3.222254748542469,
    3.7965743328435733,
    2.535881778302665,
    3.366904050778276,
    2.3659452584604868,
    2.4805794135450174,
    2.8494794719135417,
    2.3601585325722496,
    2.371418454014836
  ],
  "heterogeneity_kl": [
    1.3950486880500963
  ],
  "class_imbalance": [
    0.20253484894555873
  ]
}