{
  "rounds": [
    0,
    0,
    1,
    2,
    3,
    4,
    5,
    6,
    7,
    8,
    9,
    10,
    11,
    12,
    13,
    14,
    15,
    16,
    17,
    18,
    19,
    20
  ],
  "train_loss": [],
  "train_accuracy": [],
  "test_accuracy": [
    8.6,
    16.4,
    17.66,
    20.54,
    22.05,
    21.76,
    21.71,
    20.09,
    20.93,
    24.74,
    24.83,
    26.03,
    27.13,
    27.23,
    26.69,
    26.65,
    24.83,
    23.29,
    21.96,
    29.86,
    31.93
  ],
  "test_loss": [
    2.30501694191759,
    2.5890803573230583,
    2.478960355630698,
    2.6810359650145705,
    2.6166432657942607,
    2.660961581114382,
    2.990050905428755,
    2.501365358075395,
    2.1739972151887303,
    2.465011639336047,
    2.566854999469111,
    2.5587870792839853,
    2.6081101052677287,
    2.7313125087811163,
    2.770463439222342,
    2.8834824794397567,
    2.370425709139425,
    2.2182770666603844,
    2.8236342759939808,
    2.2246314317654496,
    2.609427918260471
  ],
  "heterogeneity_kl": [
    0.5898461469260075
  ],
  "class_imbalance": [
    0.11601136470454662
  ]
}