{
  "rounds": [
    0,
    1,
    2,
    3,
    4,
    5,
    6,
    7,
    8,
    9,
    10,
    11,
    12,
    13,
    14,
    15,
    16,
    17,
    18,
    19,
    20,
    21,
    22,
    23,
    24,
    25,
    26,
    27,
    28,
    29,
    30,
    31,
    32,
    33,
    34,
    35,
    36,
    37,
    38,
    39,
    40,
    41,
    42,
    43,
    44,
    45,
    46,
    47,
    48,
    49,
    50
  ],
  "train_loss": [],
  "train_accuracy": [],
  "test_accuracy": [
    8.6,
    35.17,
    43.86,
    47.49,
    50.84,
    52.81,
    55.01,
    57.29,
    59.14,
    60.91,
    62.32,
    63.77,
    64.95,
    66.08,
    66.41,
    67.38,
    67.9,
    68.65,
    69.46,
    69.93,
    70.54,
    70.87,
    71.4,
    72.15,
    72.47,
    72.71,
    73.09,
    73.13,
    73.73,
    74.06,
    74.0,
    74.55,
    74.64,
    74.95,
    75.18,
    75.15,
    75.31,
    75.65,
    75.62,
    75.65,
    76.06,
    76.22,
    76.44,
    76.65,
    76.49,
    76.95,
    76.96,
    77.01,
    77.21,
    77.31,
    77.47
  ],
  "test_loss": [
    2.30501694191759,
    1.953173987019938,
    1.5924133797423146,
    1.4728373030123239,
    1.3885567553888876,
    1.325474382208559,
    1.2646123763090504,
    1.207908748247372,
    1.157594600424599,
    1.1101872593450088,
    1.0768563454143536,
    1.0395020842552185,
    1.0063023045421027,
    0.9825616258020979,
    0.9593508486359265,
    0.9346051577942821,
    0.9137007970208177,
    0.8954759903799612,
    0.8784227619727198,
    0.8649218106231751,
    0.8551633132341951,
    0.8433823600744668,
    0.8297377131617488,
    0.816832576696865,
    0.811437190721591,
    0.8013015818862489,
    0.7903612335078632,
    0.7852767300301086,
    0.7781195598669326,
    0.7689721005412337,
    0.7642848736371476,
    0.7545293987559053,
    0.7478528058947846,
    0.7433426306841854,
    0.7374419771825163,
    0.7328228301133591,
    0.7307625756667445,
    0.7236212180635799,
    0.7174380660628359,
    0.716842096929733,
    0.7094798327063601,
    0.7065658912110252,
    0.7023195710997231,
    0.6992339852709359,
    0.6972805689603757,
    0.690365014556117,
    0.6852773298470738,
    0.6847770825361672,
    0.6801367788173901,
    0.6758221142208234,
    0.6769837231967396
  ]
}