{
  "rounds": [
    0,
    1,
    2,
    3,
    4,
    5,
    6,
    7,
    8,
    9,
    10,
    11,
    12,
    13,
    14,
    15,
    16,
    17,
    18,
    19,
    20,
    21,
    22,
    23,
    24,
    25,
    26,
    27,
    28,
    29,
    30,
    31,
    32,
    33,
    34,
    35,
    36,
    37,
    38,
    39,
    40,
    41,
    42,
    43,
    44,
    45,
    46,
    47,
    48,
    49,
    50
  ],
  "train_loss": [],
  "train_accuracy": [],
  "test_accuracy": [
    8.6,
    31.78,
    42.49,
    46.72,
    48.65,
    50.91,
    52.54,
    54.63,
    56.66,
    58.07,
    59.24,
    60.42,
    62.05,
    62.89,
    63.9,
    64.6,
    66.27,
    66.99,
    67.05,
    67.71,
    68.13,
    68.86,
    69.28,
    69.74,
    69.87,
    71.18,
    70.62,
    71.07,
    71.07,
    71.71,
    72.54,
    72.65,
    72.74,
    72.44,
    72.7,
    73.63,
    72.91,
    73.7,
    73.69,
    74.22,
    74.32,
    74.13,
    74.83,
    74.77,
    74.94,
    75.09,
    75.12,
    75.57,
    75.84,
    75.64,
    75.46
  ],
  "test_loss": [
    2.305016929730059,
    2.0123321587285297,
    1.6323316500971492,
    1.5128122690005805,
    1.436383659466387,
    1.3678538730731025,
    1.306046646052656,
    1.2693775111493972,
    1.215679995929852,
    1.1914876185286158,
    1.1546292491614247,
    1.1230403419119863,
    1.0795843587896694,
    1.055007399842381,
    1.0221584163153896,
    1.0111219671587595,
    0.9764775226291377,
    0.9540488563787443,
    0.9467375880232254,
    0.922342553877602,
    0.9188658766472302,
    0.9056160499493535,
    0.8862211191996979,
    0.8712185379415275,
    0.870363011527747,
    0.8557651619941663,
    0.8520272612190856,
    0.8440457307302152,
    0.83424863571557,
    0.8223912334099365,
    0.8151279245131313,
    0.8040216001458823,
    0.8032868926327068,
    0.7982198819756127,
    0.7946031910542863,
    0.7847748018872623,
    0.7865748140758599,
    0.7702207300609674,
    0.7618712368674172,
    0.7562827139426345,
    0.7637274822297568,
    0.7495834069510999,
    0.7437194097346772,
    0.7407553895784262,
    0.7404197637265483,
    0.7316978486201253,
    0.7299162149429321,
    0.717875644517021,
    0.7177901936415285,
    0.7121618598604355,
    0.7160816528736212
  ]
}