{
  "rounds": [
    0,
    1,
    2,
    3,
    4,
    5,
    6,
    7,
    8,
    9,
    10,
    11,
    12,
    13,
    14,
    15,
    16,
    17,
    18,
    19,
    20,
    21,
    22,
    23,
    24,
    25,
    26,
    27,
    28,
    29,
    30,
    31,
    32,
    33,
    34,
    35,
    36,
    37,
    38,
    39,
    40,
    41,
    42,
    43,
    44,
    45,
    46,
    47,
    48,
    49,
    50
  ],
  "train_loss": [],
  "train_accuracy": [],
  "test_accuracy": [
    8.6,
    33.69,
    43.2,
    47.16,
    49.58,
    52.46,
    55.11,
    56.5,
    57.97,
    60.3,
    61.38,
    62.32,
    63.81,
    65.57,
    65.98,
    67.06,
    67.85,
    68.28,
    68.79,
    69.29,
    70.15,
    70.31,
    71.02,
    70.94,
    71.48,
    72.06,
    72.38,
    72.99,
    73.27,
    72.17,
    73.05,
    73.19,
    73.39,
    73.5,
    73.93,
    74.11,
    74.35,
    74.79,
    74.98,
    74.94,
    75.22,
    75.29,
    75.27,
    75.79,
    76.01,
    75.85,
    75.99,
    76.29,
    76.49,
    76.8,
    76.66
  ],
  "test_loss": [
    2.305016929730059,
    1.9457920983957406,
    1.6202553270723874,
    1.4863682714894937,
    1.4123498372757397,
    1.3285262228581851,
    1.2870780454276087,
    1.2323811035186718,
    1.1812914828903758,
    1.146984783795695,
    1.1272311549598035,
    1.0800435026994528,
    1.0429962679220084,
    1.0017115789861344,
    0.9814783586099887,
    0.9550627327193848,
    0.9488225497376804,
    0.928558075389923,
    0.921292101803679,
    0.904265062496685,
    0.8763031251133441,
    0.8694620621851838,
    0.8519767750375948,
    0.8450347855449104,
    0.8334426617089171,
    0.8270246889263677,
    0.8163359028081925,
    0.7997154883873729,
    0.7900808530684096,
    0.7944508810965017,
    0.7870825625265749,
    0.7784786199609312,
    0.7748651000828789,
    0.7662647445552265,
    0.7560432543769812,
    0.7467753049283744,
    0.7500677715284756,
    0.7390091523956567,
    0.7303931046598635,
    0.7369398522300842,
    0.7300356880734904,
    0.7171315765990236,
    0.7178714772382864,
    0.7091613045325295,
    0.7108758288069655,
    0.7128949680457861,
    0.7030108779573593,
    0.6985025989552276,
    0.6908589363479005,
    0.6899346048458697,
    0.6883589162613256
  ]
}