{
  "rounds": [
    0,
    1,
    2,
    3,
    4,
    5,
    6,
    7,
    8,
    9,
    10,
    11,
    12,
    13,
    14,
    15,
    16,
    17,
    18,
    19,
    20,
    21,
    22,
    23,
    24,
    25,
    26,
    27,
    28,
    29,
    30,
    31,
    32,
    33,
    34,
    35,
    36,
    37,
    38,
    39,
    40,
    41,
    42,
    43,
    44,
    45,
    46,
    47,
    48,
    49,
    50
  ],
  "train_loss": [],
  "train_accuracy": [],
  "test_accuracy": [
    8.6,
    31.72,
    42.23,
    46.44,
    49.39,
    51.6,
    53.22,
    55.45,
    57.35,
    59.14,
    60.62,
    61.84,
    63.13,
    64.24,
    65.04,
    66.01,
    67.02,
    67.33,
    68.05,
    68.97,
    69.47,
    70.12,
    70.34,
    70.7,
    70.82,
    71.59,
    71.58,
    72.02,
    72.31,
    72.72,
    72.86,
    73.21,
    73.24,
    73.78,
    73.75,
    73.77,
    74.23,
    74.33,
    74.37,
    74.85,
    75.14,
    75.12,
    75.12,
    75.53,
    75.69,
    75.87,
    75.74,
    76.09,
    76.01,
    76.14,
    76.49
  ],
  "test_loss": [
    2.30501694191759,
    2.026016869103185,
    1.6401710117967745,
    1.508295875768692,
    1.4293412381467727,
    1.3598764310248743,
    1.3063616769763227,
    1.2539543092441254,
    1.208071794372778,
    1.160018138992139,
    1.125221902950884,
    1.0884992493608128,
    1.0512721867987904,
    1.0211470018560513,
    1.003567647057981,
    0.970529559511727,
    0.9562127414983682,
    0.9375612783355834,
    0.9202762454652939,
    0.8974228093799311,
    0.8832163586022374,
    0.8707024293204847,
    0.8610739019541694,
    0.847969038513141,
    0.8444260014131808,
    0.8294209296139665,
    0.8249093872099258,
    0.8120404365725411,
    0.8091898747145558,
    0.799316902415821,
    0.791879091304712,
    0.7858490057456227,
    0.7796772109053005,
    0.773037081518874,
    0.7663528890655444,
    0.7636743061268292,
    0.754794604862079,
    0.7495959648689904,
    0.7429459317804525,
    0.7372518656924129,
    0.7336682873412063,
    0.7329813315274235,
    0.7276425040758456,
    0.7248749835803486,
    0.7205653660023175,
    0.7181448068100804,
    0.7174794076445004,
    0.7089436538874532,
    0.7101447265654707,
    0.7066493487110534,
    0.7037591445750703
  ]
}