{
  "rounds": [
    0,
    1,
    2,
    3,
    4,
    5,
    6,
    7,
    8,
    9,
    10,
    11,
    12,
    13,
    14,
    15,
    16,
    17,
    18,
    19,
    20,
    21,
    22,
    23,
    24,
    25,
    26,
    27,
    28,
    29,
    30,
    31,
    32,
    33,
    34,
    35,
    36,
    37,
    38,
    39,
    40,
    41,
    42,
    43,
    44,
    45,
    46,
    47,
    48,
    49,
    50
  ],
  "train_loss": [],
  "train_accuracy": [],
  "test_accuracy": [
    8.6,
    35.45,
    43.95,
    48.1,
    51.09,
    53.13,
    55.16,
    57.53,
    59.31,
    61.1,
    62.73,
    64.13,
    65.11,
    65.87,
    66.45,
    67.49,
    68.42,
    69.07,
    69.33,
    70.14,
    70.69,
    71.57,
    71.82,
    72.49,
    72.66,
    73.03,
    73.51,
    73.72,
    73.73,
    74.0,
    74.34,
    74.38,
    74.75,
    74.9,
    74.87,
    75.13,
    75.34,
    75.65,
    75.86,
    75.98,
    76.05,
    76.4,
    76.33,
    76.37,
    76.44,
    76.59,
    76.85,
    76.88,
    76.89,
    77.26,
    77.04
  ],
  "test_loss": [
    2.30501694191759,
    1.9522632539462739,
    1.5900213977399345,
    1.4626833029067554,
    1.3806369841670076,
    1.3162971020887455,
    1.255421624777797,
    1.201236039685746,
    1.1541190604432323,
    1.1116498956284202,
    1.0665644896677888,
    1.0319828444395582,
    0.9970064558350621,
    0.9724315734336171,
    0.95191302390906,
    0.9243271665070385,
    0.9097071821316363,
    0.8892339057625293,
    0.8768188257377368,
    0.8616486513576569,
    0.8470924401435608,
    0.8343224826331337,
    0.8255739848072917,
    0.8127208903384285,
    0.8048980105608797,
    0.7942579499067971,
    0.7854265931505746,
    0.7778961373784672,
    0.7723820786506604,
    0.7672511621976432,
    0.7557431003346611,
    0.7509679476293131,
    0.7466345854079761,
    0.7402224196031832,
    0.7357726687440476,
    0.732873517769975,
    0.7255743286861017,
    0.7179369726500953,
    0.7169302460103751,
    0.711119576098439,
    0.7084940520528787,
    0.7023301622547662,
    0.6990401279240751,
    0.6957370142776745,
    0.6935202828801859,
    0.6909855388985655,
    0.6868086011645893,
    0.6838270561001933,
    0.6809508117814415,
    0.6766469221526441,
    0.6770045232182493
  ]
}