{
  "rounds": [
    0,
    0,
    1,
    2,
    3,
    4,
    5,
    6,
    7,
    8,
    9,
    10,
    11,
    12,
    13,
    14,
    15,
    16,
    17,
    18,
    19,
    20,
    21,
    22,
    23,
    24,
    25,
    26,
    27,
    28,
    29,
    30,
    31,
    32,
    33,
    34,
    35,
    36,
    37,
    38,
    39,
    40,
    41,
    42,
    43,
    44,
    45,
    46,
    47,
    48,
    49,
    50
  ],
  "train_loss": [],
  "train_accuracy": [],
  "test_accuracy": [
    8.6,
    22.26,
    29.69,
    34.73,
    38.47,
    41.16,
    44.32,
    46.14,
    46.95,
    48.56,
    49.36,
    51.29,
    52.19,
    53.6,
    54.47,
    55.83,
    56.93,
    55.82,
    58.86,
    59.96,
    60.63,
    61.42,
    62.06,
    62.63,
    62.62,
    63.28,
    63.6,
    64.09,
    63.66,
    64.86,
    65.99,
    66.05,
    65.73,
    66.04,
    66.42,
    66.74,
    67.35,
    67.85,
    67.32,
    68.09,
    67.19,
    68.32,
    68.0,
    68.41,
    68.32,
    67.85,
    69.66,
    69.83,
    69.26,
    69.18,
    70.26
  ],
  "test_loss": [
    2.305016929730059,
    2.2606094789962037,
    1.95871274730268,
    1.7555031281309768,
    1.674927238839122,
    1.5859114365836682,
    1.526250250042437,
    1.4754984401666318,
    1.417096054972932,
    1.3907139263214015,
    1.3541542967668356,
    1.3173378007099652,
    1.2862443522142526,
    1.2502983088691395,
    1.2200151986588303,
    1.202063327780166,
    1.1774239102110695,
    1.1826405005333143,
    1.1311451747013739,
    1.1028260184933965,
    1.0938436815533013,
    1.0744877229102503,
    1.056063159014851,
    1.0434173377938927,
    1.03471788278403,
    1.019840823004421,
    1.0159039990589642,
    1.0043727346121694,
    1.0072777895881726,
    0.9867812568387284,
    0.9581617118832403,
    0.9714505205900905,
    0.9687485091221599,
    0.946589742986539,
    0.9467178796426937,
    0.9415319042083935,
    0.9173556481496975,
    0.9071291262349381,
    0.9159177585531728,
    0.9099559349754748,
    0.9152550927747172,
    0.897402336612677,
    0.9102234891809213,
    0.8898857545357542,
    0.8923682776122047,
    0.9061318755911562,
    0.8643746269396699,
    0.8590883531699927,
    0.867831908951933,
    0.8664729078166401,
    0.8441361648777422
  ],
  "heterogeneity_kl": [
    0.7475279251067466
  ],
  "class_imbalance": [
    0.1287769553618197
  ]
}