{
  "rounds": [
    0,
    0,
    1,
    2,
    3,
    4,
    5,
    6,
    7,
    8,
    9,
    10,
    11,
    12,
    13,
    14,
    15,
    16,
    17,
    18,
    19,
    20,
    21,
    22,
    23,
    24,
    25,
    26,
    27,
    28,
    29,
    30,
    31,
    32,
    33,
    34,
    35,
    36,
    37,
    38,
    39,
    40,
    41,
    42,
    43,
    44,
    45,
    46,
    47,
    48,
    49,
    50
  ],
  "train_loss": [],
  "train_accuracy": [],
  "test_accuracy": [
    8.6,
    8.6,
    8.6,
    8.6,
    8.6,
    8.6,
    8.6,
    8.6,
    8.6,
    8.6,
    8.6,
    8.6,
    8.6,
    8.6,
    8.6,
    8.6,
    8.6,
    8.6,
    8.6,
    8.6,
    8.6,
    8.6,
    8.6,
    8.6,
    8.6,
    8.6,
    8.6,
    8.6,
    8.6,
    8.6,
    8.6,
    8.6,
    8.6,
    8.6,
    8.6,
    8.6,
    8.6,
    8.6,
    8.6,
    8.6,
    8.6,
    8.6,
    8.6,
    8.6,
    8.6,
    8.6,
    8.6,
    8.6,
    8.6,
    8.6,
    8.6
  ],
  "test_loss": [
    2.305016929730059,
    2.305016929730059,
    2.305016929730059,
    2.305016929730059,
    2.305016929730059,
    2.305016929730059,
    2.305016929730059,
    2.305016929730059,
    2.305016929730059,
    2.305016929730059,
    2.305016929730059,
    2.305016929730059,
    2.305016929730059,
    2.305016929730059,
    2.305016929730059,
    2.305016929730059,
    2.305016929730059,
    2.305016929730059,
    2.305016929730059,
    2.305016929730059,
    2.305016929730059,
    2.305016929730059,
    2.305016929730059,
    2.305016929730059,
    2.305016929730059,
    2.305016929730059,
    2.305016929730059,
    2.305016929730059,
    2.305016929730059,
    2.305016929730059,
    2.305016929730059,
    2.305016929730059,
    2.305016929730059,
    2.305016929730059,
    2.305016929730059,
    2.305016929730059,
    2.305016929730059,
    2.305016929730059,
    2.305016929730059,
    2.305016929730059,
    2.305016929730059,
    2.305016929730059,
    2.305016929730059,
    2.305016929730059,
    2.305016929730059,
    2.305016929730059,
    2.305016929730059,
    2.305016929730059,
    2.305016929730059,
    2.305016929730059,
    2.305016929730059
  ],
  "heterogeneity_kl": [
    0.7475279251067466
  ],
  "class_imbalance": [
    0.1287769553618197
  ]
}