{
  "rounds": [
    0,
    0,
    1,
    2,
    3,
    4,
    5,
    6,
    7,
    8,
    9,
    10,
    11,
    12,
    13,
    14,
    15,
    16,
    17,
    18,
    19,
    20,
    21,
    22,
    23,
    24,
    25,
    26,
    27,
    28,
    29,
    30,
    31,
    32,
    33,
    34,
    35,
    36,
    37,
    38,
    39,
    40,
    41,
    42,
    43,
    44,
    45,
    46,
    47,
    48,
    49,
    50
  ],
  "train_loss": [],
  "train_accuracy": [],
  "test_accuracy": [
    8.6,
    31.38,
    37.16,
    42.84,
    46.51,
    48.63,
    51.65,
    51.92,
    53.83,
    55.82,
    58.18,
    59.05,
    60.64,
    61.73,
    62.35,
    63.37,
    62.51,
    64.96,
    64.61,
    65.54,
    65.97,
    66.09,
    65.77,
    67.6,
    66.63,
    67.27,
    67.23,
    68.7,
    68.3,
    69.33,
    68.65,
    69.92,
    69.18,
    70.26,
    70.12,
    69.8,
    71.03,
    70.82,
    70.78,
    70.92,
    71.23,
    71.29,
    71.82,
    71.95,
    72.47,
    72.67,
    72.55,
    72.7,
    72.9,
    72.93,
    72.61
  ],
  "test_loss": [
    2.305016929730059,
    2.1391419625510806,
    1.7616968695728923,
    1.5838303063243342,
    1.457953898289714,
    1.3946891341346521,
    1.3319151904255437,
    1.2815176345669805,
    1.2387227073264198,
    1.1906322747373734,
    1.1450752096054273,
    1.116132789716934,
    1.0765271123986655,
    1.063569118420537,
    1.0448364495469358,
    1.0273269513925425,
    1.0236600700277871,
    0.9931892891661428,
    0.9938409482709135,
    0.9658721824423574,
    0.9584394213490592,
    0.9561473178787353,
    0.9460685879658586,
    0.9165006790298242,
    0.932878754009454,
    0.9134240557972234,
    0.9146365538572732,
    0.8905975991925492,
    0.896302276145155,
    0.8755860171569422,
    0.885959719221432,
    0.8563513782458564,
    0.8741065180911043,
    0.8505298836162677,
    0.8555892006086465,
    0.8567877675588138,
    0.836776402049933,
    0.8294136545147759,
    0.8304725322670068,
    0.8289791485562492,
    0.8233793950118957,
    0.8223786562585983,
    0.8086920148267532,
    0.8021858298359588,
    0.7946862575535576,
    0.7873972307759732,
    0.7876535354140467,
    0.7807303945096536,
    0.7821372801693864,
    0.7770688756586264,
    0.7795776523911534
  ],
  "heterogeneity_kl": [
    0.7475279251067466
  ],
  "class_imbalance": [
    0.1287769553618197
  ]
}